user_id,content_id,content_type,time_viewed_in_sec,clicked,date,total_debt,credit_score,missed_payments,has_mortgage,has_car,has_ccj,dti_ratio,income
user_081,8,improve,14.1,False,2025-07-02,12519.32,697,3,False,True,False,0.27,46981.22
user_028,9,insights,90.3,True,2025-06-16,13666.2,601,1,False,True,True,0.51,26589.82
user_069,6,drivescore,39.5,False,2025-07-09,16154.89,529,2,True,True,True,0.42,38255.79
user_011,14,protect,27.4,False,2025-07-09,25718.96,591,1,False,False,False,1.06,24355.98
user_071,13,insights,5.1,False,2025-06-22,18420.35,857,0,False,True,False,0.45,40916.72
user_053,15,credit_cards,5.1,False,2025-06-14,13447.1,932,0,False,False,False,0.31,43511.29
user_000,49,protect,1.8,False,2025-06-29,22655.85,696,2,True,True,False,0.47,48541.53
user_035,10,protect,60.3,False,2025-06-29,4518.77,917,1,True,True,False,0.16,28187.75
user_013,6,credit_cards,27.6,True,2025-06-12,15684.89,921,0,False,False,False,0.33,47259.96
user_044,39,loans,36.9,False,2025-06-16,20790.09,746,0,False,False,False,0.87,23835.08
user_058,35,improve,0.6,False,2025-06-27,16688.21,806,1,True,False,False,0.46,36073.65
user_010,36,loans,105.1,False,2025-06-20,25132.54,614,2,False,True,False,0.73,34356.84
user_046,37,protect,53.6,False,2025-07-08,23106.04,754,1,False,True,False,0.54,43006.0
user_084,15,loans,7.2,False,2025-06-12,26099.61,684,2,False,False,False,0.43,60841.9
user_029,7,credit_cards,6.0,True,2025-06-19,11032.59,864,1,False,False,False,0.21,52968.41
user_046,11,loans,6.1,False,2025-06-18,23106.04,754,1,False,True,False,0.54,43006.0
user_034,45,insights,10.9,False,2025-06-20,16006.49,919,0,False,False,False,0.38,42280.17
user_081,11,drivescore,22.3,False,2025-07-04,12519.32,697,3,False,True,False,0.27,46981.22
user_059,25,loans,17.0,False,2025-06-19,17966.56,830,1,False,True,False,0.37,48984.53
user_088,36,protect,10.3,False,2025-06-13,19965.99,630,3,True,False,False,0.56,35342.49
user_098,50,improve,28.4,True,2025-07-08,11161.61,944,0,False,True,False,0.29,38552.84
user_040,26,loans,4.5,True,2025-06-10,11188.56,944,0,False,False,False,0.3,37872.53
user_072,46,loans,10.4,True,2025-06-24,14383.86,718,1,True,True,False,0.96,14969.72
user_050,42,credit_cards,13.7,True,2025-07-05,23694.83,751,1,False,True,False,0.47,50158.4
user_031,48,drivescore,18.3,False,2025-06-16,19493.21,772,1,False,True,False,0.54,36314.54
user_074,28,drivescore,46.1,False,2025-07-02,15903.78,920,0,False,True,False,0.38,42371.1
user_017,33,credit_cards,6.7,True,2025-07-08,13178.89,954,0,True,False,False,0.27,49233.19
user_014,10,insights,21.7,True,2025-06-18,34164.61,359,4,False,True,False,1.12,30539.33
user_054,39,improve,26.9,False,2025-06-20,14611.15,876,0,False,True,False,0.44,33446.89
user_059,34,loans,1.4,False,2025-06-12,17966.56,830,1,False,True,False,0.37,48984.53
user_001,44,insights,28.1,True,2025-06-11,21326.1,643,0,False,True,True,0.54,39373.39
user_068,49,loans,5.6,False,2025-06-29,17349.55,683,0,True,False,True,0.6,28730.62
user_014,19,credit_cards,2.0,True,2025-07-09,34164.61,359,4,False,True,False,1.12,30539.33
user_092,47,loans,89.2,False,2025-06-15,11555.52,882,1,True,True,False,0.34,34041.79
user_022,33,improve,101.1,False,2025-06-30,18062.76,419,3,False,False,True,0.5,35849.77
user_081,33,drivescore,49.6,True,2025-06-28,12519.32,697,3,False,True,False,0.27,46981.22
user_097,11,drivescore,10.9,False,2025-06-10,12960.65,625,2,False,True,False,0.8,16288.8
user_067,1,drivescore,3.1,False,2025-07-09,20078.91,899,0,False,True,False,0.4,50624.0
user_014,24,loans,34.6,True,2025-07-02,34164.61,359,4,False,True,False,1.12,30539.33
user_072,6,improve,17.4,False,2025-06-13,14383.86,718,1,True,True,False,0.96,14969.72
user_008,49,drivescore,3.9,False,2025-07-05,6251.13,708,1,True,True,True,0.13,48952.89
user_084,31,drivescore,20.5,True,2025-06-23,26099.61,684,2,False,False,False,0.43,60841.9
user_077,28,protect,1.0,False,2025-06-15,13746.85,711,3,True,False,False,0.27,51065.94
user_093,45,protect,72.0,False,2025-06-27,13257.31,803,1,False,True,False,0.43,30829.73
user_085,42,loans,9.0,False,2025-06-23,11230.58,783,2,False,True,False,0.27,40899.47
user_057,8,protect,32.6,True,2025-06-29,18420.84,697,1,True,False,False,0.82,22381.4
user_002,38,drivescore,11.2,True,2025-07-02,20555.25,867,0,True,True,False,0.41,50391.86
user_000,5,insights,22.0,False,2025-07-02,22655.85,696,2,True,True,False,0.47,48541.53
user_008,3,loans,23.7,True,2025-07-02,6251.13,708,1,True,True,True,0.13,48952.89
user_035,43,credit_cards,6.1,True,2025-07-05,4518.77,917,1,True,True,False,0.16,28187.75
user_092,37,drivescore,104.8,False,2025-06-14,11555.52,882,1,True,True,False,0.34,34041.79
user_060,27,protect,44.8,True,2025-06-18,28025.84,829,0,True,True,False,0.55,51140.44
user_055,23,credit_cards,84.2,False,2025-06-12,8343.06,898,1,True,True,False,0.2,42000.42
user_093,4,insights,67.6,False,2025-06-19,13257.31,803,1,False,True,False,0.43,30829.73
user_012,4,credit_cards,27.3,False,2025-06-14,21649.58,811,1,False,True,False,0.36,59799.32
user_013,16,protect,76.5,True,2025-06-25,15684.89,921,0,False,False,False,0.33,47259.96
user_017,28,protect,2.8,True,2025-07-02,13178.89,954,0,True,False,False,0.27,49233.19
user_009,29,drivescore,6.5,True,2025-06-19,0.0,1000,0,False,True,False,0.0,36452.67
user_069,1,improve,1.4,False,2025-06-12,16154.89,529,2,True,True,True,0.42,38255.79
user_030,11,credit_cards,11.8,False,2025-07-03,6703.88,856,1,True,True,False,0.27,24950.73
user_051,4,protect,14.8,False,2025-06-27,17113.83,524,3,False,False,False,0.78,22037.94
user_033,30,loans,9.5,False,2025-06-09,7969.87,900,1,True,True,False,0.19,42675.06
user_093,36,insights,52.9,False,2025-07-05,13257.31,803,1,False,True,False,0.43,30829.73
user_024,19,protect,13.2,False,2025-06-21,18225.36,878,0,True,False,False,0.49,37429.86
user_094,35,improve,9.9,False,2025-07-08,21463.18,842,0,False,True,False,0.5,43084.94
user_006,38,credit_cards,23.5,False,2025-06-12,24304.74,778,0,False,True,False,0.66,36974.21
user_067,11,improve,4.6,False,2025-07-07,20078.91,899,0,False,True,False,0.4,50624.0
user_023,5,drivescore,48.6,True,2025-06-12,9907.74,810,2,True,False,False,0.3,33571.16
user_030,26,improve,2.3,False,2025-06-21,6703.88,856,1,True,True,False,0.27,24950.73
user_031,38,drivescore,130.0,True,2025-07-07,19493.21,772,1,False,True,False,0.54,36314.54
user_053,43,drivescore,44.4,False,2025-06-29,13447.1,932,0,False,False,False,0.31,43511.29
user_033,14,insights,6.6,False,2025-07-02,7969.87,900,1,True,True,False,0.19,42675.06
user_033,26,protect,0.2,False,2025-06-30,7969.87,900,1,True,True,False,0.19,42675.06
user_058,21,improve,50.7,True,2025-06-20,16688.21,806,1,True,False,False,0.46,36073.65
user_072,7,improve,36.8,False,2025-06-23,14383.86,718,1,True,True,False,0.96,14969.72
user_033,9,loans,39.2,False,2025-06-11,7969.87,900,1,True,True,False,0.19,42675.06
user_031,24,loans,44.3,True,2025-06-13,19493.21,772,1,False,True,False,0.54,36314.54
user_069,46,loans,2.3,False,2025-06-14,16154.89,529,2,True,True,True,0.42,38255.79
user_083,34,improve,13.3,False,2025-06-22,18441.42,777,1,False,True,False,0.53,34867.95
user_038,43,improve,3.7,False,2025-07-05,24365.97,668,2,False,True,False,0.59,41495.74
user_033,8,improve,59.7,False,2025-07-05,7969.87,900,1,True,True,False,0.19,42675.06
user_034,19,drivescore,29.3,True,2025-06-29,16006.49,919,0,False,False,False,0.38,42280.17
user_026,44,insights,12.1,False,2025-06-23,9078.26,714,3,False,True,False,0.18,51228.39
user_062,17,improve,2.0,True,2025-06-26,0.0,760,3,False,False,False,0.0,30836.91
user_035,3,improve,11.2,False,2025-07-05,4518.77,917,1,True,True,False,0.16,28187.75
user_081,17,protect,11.8,False,2025-06-22,12519.32,697,3,False,True,False,0.27,46981.22
user_090,28,drivescore,39.2,True,2025-07-07,30810.37,815,0,True,False,False,0.58,53320.32
user_088,10,drivescore,30.4,True,2025-06-28,19965.99,630,3,True,False,False,0.56,35342.49
user_074,36,protect,65.5,False,2025-07-08,15903.78,920,0,False,True,False,0.38,42371.1
user_039,24,improve,19.2,False,2025-07-03,18705.91,876,0,True,False,False,0.51,36525.5
user_087,16,insights,3.8,True,2025-06-15,16176.75,789,1,False,False,False,0.44,37047.58
user_071,27,drivescore,37.5,False,2025-06-10,18420.35,857,0,False,True,False,0.45,40916.72
user_030,11,protect,42.9,False,2025-07-09,6703.88,856,1,True,True,False,0.27,24950.73
user_022,48,loans,24.7,False,2025-06-26,18062.76,419,3,False,False,True,0.5,35849.77
user_085,48,protect,44.2,True,2025-06-14,11230.58,783,2,False,True,False,0.27,40899.47
user_089,7,credit_cards,20.4,False,2025-06-12,22182.96,519,4,False,True,False,0.44,50151.97
user_060,15,protect,22.2,False,2025-06-25,28025.84,829,0,True,True,False,0.55,51140.44
user_044,20,protect,16.7,True,2025-06-18,20790.09,746,0,False,False,False,0.87,23835.08
user_024,26,loans,0.8,True,2025-07-07,18225.36,878,0,True,False,False,0.49,37429.86
user_098,18,loans,3.4,False,2025-06-27,11161.61,944,0,False,True,False,0.29,38552.84
user_086,35,loans,1.0,False,2025-07-06,0.0,1000,0,True,False,False,0.0,47476.59
user_033,12,drivescore,30.4,False,2025-07-01,7969.87,900,1,True,True,False,0.19,42675.06
user_004,7,drivescore,11.3,False,2025-06-16,21378.52,763,1,False,True,False,0.48,44222.31
user_040,28,drivescore,21.3,False,2025-07-06,11188.56,944,0,False,False,False,0.3,37872.53
user_049,37,protect,71.4,True,2025-06-17,13720.06,771,2,False,False,False,0.29,46750.54
user_055,1,drivescore,8.6,False,2025-06-22,8343.06,898,1,True,True,False,0.2,42000.42
user_087,47,insights,15.8,False,2025-07-03,16176.75,789,1,False,False,False,0.44,37047.58
user_046,28,improve,42.3,False,2025-06-10,23106.04,754,1,False,True,False,0.54,43006.0
user_042,40,loans,7.8,False,2025-07-06,14928.87,845,1,False,False,False,0.28,52723.5
user_092,20,drivescore,2.4,False,2025-06-26,11555.52,882,1,True,True,False,0.34,34041.79
user_041,26,insights,10.3,True,2025-07-05,22996.75,595,3,False,False,False,0.54,42818.75
user_024,27,insights,5.3,False,2025-06-18,18225.36,878,0,True,False,False,0.49,37429.86
user_095,12,drivescore,79.6,False,2025-06-27,22722.62,606,1,False,False,True,0.4,56814.41
user_070,1,loans,49.5,True,2025-06-26,13483.36,772,1,True,True,False,0.57,23661.33
user_074,39,insights,30.1,False,2025-06-25,15903.78,920,0,False,True,False,0.38,42371.1
user_056,44,protect,61.5,False,2025-06-14,26049.44,819,0,False,False,False,0.59,43874.23
user_094,11,insights,48.8,True,2025-06-23,21463.18,842,0,False,True,False,0.5,43084.94
user_084,41,drivescore,6.2,False,2025-06-13,26099.61,684,2,False,False,False,0.43,60841.9
user_096,16,insights,66.9,False,2025-06-14,32450.33,737,0,False,True,False,0.83,39151.76
user_025,10,improve,23.3,True,2025-06-24,11636.48,761,0,True,False,True,0.36,32611.82
user_078,50,improve,49.4,False,2025-06-11,27007.37,604,2,False,True,False,0.84,32008.87
user_080,37,protect,67.9,False,2025-06-27,22591.25,857,0,True,False,False,0.46,48620.57
user_063,26,protect,11.5,True,2025-06-17,34516.91,747,0,True,True,False,0.89,38922.49
user_000,49,improve,3.5,False,2025-07-02,22655.85,696,2,True,True,False,0.47,48541.53
user_022,45,drivescore,7.8,False,2025-06-22,18062.76,419,3,False,False,True,0.5,35849.77
user_031,8,credit_cards,16.7,True,2025-06-25,19493.21,772,1,False,True,False,0.54,36314.54
user_085,34,drivescore,51.1,False,2025-06-09,11230.58,783,2,False,True,False,0.27,40899.47
user_096,29,drivescore,59.1,False,2025-06-11,32450.33,737,0,False,True,False,0.83,39151.76
user_064,28,drivescore,0.2,False,2025-07-04,14493.89,697,1,False,False,False,0.64,22704.44
user_095,31,credit_cards,21.4,True,2025-07-02,22722.62,606,1,False,False,True,0.4,56814.41
user_081,18,drivescore,16.2,False,2025-07-02,12519.32,697,3,False,True,False,0.27,46981.22
user_035,29,improve,7.5,False,2025-07-02,4518.77,917,1,True,True,False,0.16,28187.75
user_034,22,loans,3.8,False,2025-07-07,16006.49,919,0,False,False,False,0.38,42280.17
user_017,10,protect,12.4,False,2025-07-05,13178.89,954,0,True,False,False,0.27,49233.19
user_090,14,improve,85.9,False,2025-06-29,30810.37,815,0,True,False,False,0.58,53320.32
user_069,30,credit_cards,11.7,True,2025-06-13,16154.89,529,2,True,True,True,0.42,38255.79
user_053,25,drivescore,21.9,False,2025-07-09,13447.1,932,0,False,False,False,0.31,43511.29
user_097,37,credit_cards,36.4,False,2025-06-09,12960.65,625,2,False,True,False,0.8,16288.8
user_045,20,credit_cards,13.6,False,2025-06-09,13591.5,952,0,True,False,False,0.29,47045.04
user_053,35,insights,107.0,False,2025-06-14,13447.1,932,0,False,False,False,0.31,43511.29
user_077,15,credit_cards,98.5,True,2025-06-26,13746.85,711,3,True,False,False,0.27,51065.94
user_062,2,credit_cards,8.7,False,2025-06-18,0.0,760,3,False,False,False,0.0,30836.91
user_051,47,protect,20.6,False,2025-06-10,17113.83,524,3,False,False,False,0.78,22037.94
user_016,40,drivescore,10.7,True,2025-06-27,14364.02,898,0,True,False,False,0.43,33316.03
user_075,37,insights,10.1,True,2025-06-19,8513.06,977,0,True,True,False,0.18,46095.15
user_054,9,credit_cards,1.1,True,2025-07-01,14611.15,876,0,False,True,False,0.44,33446.89
user_048,21,protect,28.2,False,2025-06-29,16043.38,864,1,False,False,False,0.27,60495.92
user_097,25,loans,21.0,False,2025-06-13,12960.65,625,2,False,True,False,0.8,16288.8
user_053,17,improve,1.6,False,2025-06-16,13447.1,932,0,False,False,False,0.31,43511.29
user_069,4,loans,9.8,True,2025-07-07,16154.89,529,2,True,True,True,0.42,38255.79
user_099,42,improve,71.7,False,2025-06-09,9884.63,810,2,True,True,False,0.27,36662.4
user_031,13,improve,8.2,False,2025-07-02,19493.21,772,1,False,True,False,0.54,36314.54
user_016,31,insights,4.7,True,2025-06-09,14364.02,898,0,True,False,False,0.43,33316.03
user_027,30,insights,20.2,True,2025-06-28,14944.44,925,0,False,False,False,0.31,48192.97
user_021,39,drivescore,127.3,False,2025-06-17,9528.45,972,0,True,False,False,0.19,50977.97
user_014,50,protect,8.3,False,2025-07-06,34164.61,359,4,False,True,False,1.12,30539.33
user_074,2,loans,33.5,False,2025-06-10,15903.78,920,0,False,True,False,0.38,42371.1
user_048,26,insights,43.0,True,2025-06-21,16043.38,864,1,False,False,False,0.27,60495.92
user_088,41,protect,8.1,True,2025-06-15,19965.99,630,3,True,False,False,0.56,35342.49
user_038,44,drivescore,39.1,False,2025-06-14,24365.97,668,2,False,True,False,0.59,41495.74
user_072,3,loans,13.8,False,2025-06-18,14383.86,718,1,True,True,False,0.96,14969.72
user_047,5,drivescore,30.0,False,2025-07-09,12465.13,797,2,True,False,False,0.28,44436.21
user_053,32,improve,30.1,False,2025-06-28,13447.1,932,0,False,False,False,0.31,43511.29
user_081,30,insights,23.0,True,2025-07-04,12519.32,697,3,False,True,False,0.27,46981.22
user_093,34,insights,2.8,True,2025-06-14,13257.31,803,1,False,True,False,0.43,30829.73
user_068,50,credit_cards,54.1,False,2025-06-13,17349.55,683,0,True,False,True,0.6,28730.62
user_093,38,loans,11.6,False,2025-07-02,13257.31,803,1,False,True,False,0.43,30829.73
user_011,18,credit_cards,6.2,True,2025-06-25,25718.96,591,1,False,False,False,1.06,24355.98
user_072,40,insights,1.2,False,2025-07-09,14383.86,718,1,True,True,False,0.96,14969.72
user_063,21,protect,26.8,False,2025-06-28,34516.91,747,0,True,True,False,0.89,38922.49
user_033,22,loans,34.0,False,2025-06-17,7969.87,900,1,True,True,False,0.19,42675.06
user_035,36,improve,0.5,False,2025-07-03,4518.77,917,1,True,True,False,0.16,28187.75
user_010,16,insights,21.5,False,2025-06-22,25132.54,614,2,False,True,False,0.73,34356.84
user_097,16,insights,7.7,False,2025-06-17,12960.65,625,2,False,True,False,0.8,16288.8
user_062,29,improve,31.1,True,2025-07-02,0.0,760,3,False,False,False,0.0,30836.91
user_051,45,protect,5.7,False,2025-06-21,17113.83,524,3,False,False,False,0.78,22037.94
user_047,31,drivescore,35.2,False,2025-06-26,12465.13,797,2,True,False,False,0.28,44436.21
user_095,36,loans,14.7,False,2025-06-25,22722.62,606,1,False,False,True,0.4,56814.41
user_034,20,loans,82.8,True,2025-06-16,16006.49,919,0,False,False,False,0.38,42280.17
user_024,21,improve,4.4,False,2025-06-09,18225.36,878,0,True,False,False,0.49,37429.86
user_097,45,protect,12.5,True,2025-06-16,12960.65,625,2,False,True,False,0.8,16288.8
user_061,18,insights,3.6,False,2025-06-15,0.0,920,1,False,True,False,0.0,36557.47
user_067,39,loans,77.6,False,2025-06-13,20078.91,899,0,False,True,False,0.4,50624.0
user_024,19,protect,63.0,False,2025-06-30,18225.36,878,0,True,False,False,0.49,37429.86
user_001,46,drivescore,8.9,True,2025-07-08,21326.1,643,0,False,True,True,0.54,39373.39
user_006,36,loans,32.4,False,2025-07-05,24304.74,778,0,False,True,False,0.66,36974.21
user_081,49,credit_cards,51.0,True,2025-07-09,12519.32,697,3,False,True,False,0.27,46981.22
user_073,19,credit_cards,24.3,False,2025-06-29,17531.11,832,1,False,True,False,0.37,47624.99
user_023,4,loans,22.6,False,2025-06-24,9907.74,810,2,True,False,False,0.3,33571.16
user_014,5,credit_cards,8.3,False,2025-06-21,34164.61,359,4,False,True,False,1.12,30539.33
user_080,44,improve,2.9,True,2025-06-14,22591.25,857,0,True,False,False,0.46,48620.57
user_072,20,improve,68.3,False,2025-07-06,14383.86,718,1,True,True,False,0.96,14969.72
user_071,49,credit_cards,69.2,False,2025-06-14,18420.35,857,0,False,True,False,0.45,40916.72
user_079,15,drivescore,30.1,False,2025-06-10,5369.32,833,2,True,False,False,0.1,55456.82
user_056,20,drivescore,12.4,False,2025-06-30,26049.44,819,0,False,False,False,0.59,43874.23
user_072,40,improve,12.9,False,2025-06-16,14383.86,718,1,True,True,False,0.96,14969.72
user_012,49,protect,38.8,False,2025-07-01,21649.58,811,1,False,True,False,0.36,59799.32
user_084,6,protect,68.2,True,2025-06-22,26099.61,684,2,False,False,False,0.43,60841.9
user_009,11,improve,65.4,False,2025-06-17,0.0,1000,0,False,True,False,0.0,36452.67
user_076,31,loans,45.4,True,2025-06-30,0.0,940,1,True,True,False,0.0,43935.58
user_090,19,insights,30.8,False,2025-07-07,30810.37,815,0,True,False,False,0.58,53320.32
user_087,15,loans,2.6,False,2025-06-19,16176.75,789,1,False,False,False,0.44,37047.58
user_075,43,protect,5.3,False,2025-06-22,8513.06,977,0,True,True,False,0.18,46095.15
user_028,42,protect,68.6,False,2025-06-13,13666.2,601,1,False,True,True,0.51,26589.82
user_018,5,improve,28.0,True,2025-06-30,27294.57,683,1,False,True,False,0.7,38982.41
user_076,48,drivescore,0.3,False,2025-06-25,0.0,940,1,True,True,False,0.0,43935.58
user_015,30,insights,3.2,False,2025-06-27,0.0,800,0,False,True,True,0.0,55737.48
user_034,33,drivescore,32.7,False,2025-07-07,16006.49,919,0,False,False,False,0.38,42280.17
user_076,3,credit_cards,0.2,False,2025-06-20,0.0,940,1,True,True,False,0.0,43935.58
user_032,2,improve,5.3,True,2025-06-18,11779.7,941,0,False,True,False,0.27,42865.97
user_073,38,improve,23.9,False,2025-06-18,17531.11,832,1,False,True,False,0.37,47624.99
user_034,37,improve,35.3,False,2025-07-04,16006.49,919,0,False,False,False,0.38,42280.17
user_060,34,insights,31.7,False,2025-07-01,28025.84,829,0,True,True,False,0.55,51140.44
user_023,38,credit_cards,7.6,False,2025-06-24,9907.74,810,2,True,False,False,0.3,33571.16
user_011,31,loans,37.4,False,2025-06-29,25718.96,591,1,False,False,False,1.06,24355.98
user_085,7,protect,8.1,False,2025-06-17,11230.58,783,2,False,True,False,0.27,40899.47
user_063,19,insights,11.8,False,2025-06-13,34516.91,747,0,True,True,False,0.89,38922.49
user_097,36,improve,41.2,False,2025-06-29,12960.65,625,2,False,True,False,0.8,16288.8
user_032,21,improve,31.5,False,2025-06-27,11779.7,941,0,False,True,False,0.27,42865.97
user_065,1,insights,56.8,False,2025-06-25,20498.5,917,0,True,True,False,0.35,58998.75
user_052,4,protect,32.2,False,2025-06-20,21247.36,763,1,False,True,False,0.51,41341.92
user_096,32,insights,25.2,False,2025-07-08,32450.33,737,0,False,True,False,0.83,39151.76
user_026,18,drivescore,3.0,True,2025-06-30,9078.26,714,3,False,True,False,0.18,51228.39
user_056,45,credit_cards,13.8,True,2025-06-19,26049.44,819,0,False,False,False,0.59,43874.23
user_077,16,insights,9.2,True,2025-06-22,13746.85,711,3,True,False,False,0.27,51065.94
user_001,36,credit_cards,8.4,True,2025-06-13,21326.1,643,0,False,True,True,0.54,39373.39
user_014,30,improve,108.4,False,2025-07-05,34164.61,359,4,False,True,False,1.12,30539.33
user_063,46,loans,15.0,False,2025-07-01,34516.91,747,0,True,True,False,0.89,38922.49
user_053,31,credit_cards,66.8,True,2025-06-22,13447.1,932,0,False,False,False,0.31,43511.29
user_018,25,protect,29.9,False,2025-06-23,27294.57,683,1,False,True,False,0.7,38982.41
user_095,9,improve,47.5,True,2025-06-14,22722.62,606,1,False,False,True,0.4,56814.41
user_053,22,drivescore,21.0,True,2025-07-09,13447.1,932,0,False,False,False,0.31,43511.29
user_036,47,loans,25.8,False,2025-06-21,27928.53,680,1,False,False,False,0.69,40753.32
user_084,32,protect,20.3,False,2025-06-24,26099.61,684,2,False,False,False,0.43,60841.9
user_044,22,drivescore,6.5,False,2025-06-27,20790.09,746,0,False,False,False,0.87,23835.08
user_058,21,protect,38.5,False,2025-07-02,16688.21,806,1,True,False,False,0.46,36073.65
user_073,25,protect,9.9,False,2025-06-26,17531.11,832,1,False,True,False,0.37,47624.99
user_005,21,insights,0.7,False,2025-06-10,7645.23,981,0,True,True,False,0.22,34003.96
user_048,25,insights,31.1,False,2025-06-19,16043.38,864,1,False,False,False,0.27,60495.92
user_019,32,improve,5.8,True,2025-06-09,13834.65,800,1,False,False,False,0.42,33219.9
user_075,22,improve,84.6,False,2025-06-25,8513.06,977,0,True,True,False,0.18,46095.15
user_012,34,credit_cards,92.3,True,2025-07-05,21649.58,811,1,False,True,False,0.36,59799.32
user_052,42,protect,73.9,True,2025-06-14,21247.36,763,1,False,True,False,0.51,41341.92
user_033,22,drivescore,13.9,False,2025-06-19,7969.87,900,1,True,True,False,0.19,42675.06
user_010,22,insights,0.5,False,2025-06-27,25132.54,614,2,False,True,False,0.73,34356.84
user_040,41,insights,79.1,False,2025-06-24,11188.56,944,0,False,False,False,0.3,37872.53
user_069,3,drivescore,16.8,True,2025-06-19,16154.89,529,2,True,True,True,0.42,38255.79
user_087,19,protect,102.0,False,2025-06-26,16176.75,789,1,False,False,False,0.44,37047.58
user_012,49,insights,99.4,False,2025-07-06,21649.58,811,1,False,True,False,0.36,59799.32
user_056,11,insights,57.5,True,2025-07-09,26049.44,819,0,False,False,False,0.59,43874.23
user_005,21,improve,10.5,True,2025-06-28,7645.23,981,0,True,True,False,0.22,34003.96
user_055,10,protect,14.6,False,2025-06-21,8343.06,898,1,True,True,False,0.2,42000.42
user_087,12,protect,57.1,True,2025-06-20,16176.75,789,1,False,False,False,0.44,37047.58
user_048,40,insights,11.4,True,2025-06-10,16043.38,864,1,False,False,False,0.27,60495.92
user_074,10,protect,5.6,False,2025-07-01,15903.78,920,0,False,True,False,0.38,42371.1
user_058,17,insights,24.4,True,2025-06-14,16688.21,806,1,True,False,False,0.46,36073.65
user_059,19,insights,82.5,False,2025-07-07,17966.56,830,1,False,True,False,0.37,48984.53
user_056,23,drivescore,35.7,True,2025-06-09,26049.44,819,0,False,False,False,0.59,43874.23
user_054,45,loans,25.3,False,2025-06-30,14611.15,876,0,False,True,False,0.44,33446.89
user_025,25,credit_cards,3.1,True,2025-06-27,11636.48,761,0,True,False,True,0.36,32611.82
user_073,23,drivescore,28.6,True,2025-06-17,17531.11,832,1,False,True,False,0.37,47624.99
user_037,2,insights,138.3,False,2025-07-09,3904.94,1000,0,True,True,False,0.09,45514.83
user_072,44,insights,4.5,False,2025-06-10,14383.86,718,1,True,True,False,0.96,14969.72
user_077,48,credit_cards,21.9,False,2025-06-11,13746.85,711,3,True,False,False,0.27,51065.94
user_036,50,protect,63.0,False,2025-06-28,27928.53,680,1,False,False,False,0.69,40753.32
user_028,41,protect,40.5,False,2025-06-18,13666.2,601,1,False,True,True,0.51,26589.82
user_096,47,insights,35.8,False,2025-07-05,32450.33,737,0,False,True,False,0.83,39151.76
user_080,7,insights,36.4,False,2025-06-30,22591.25,857,0,True,False,False,0.46,48620.57
user_056,3,drivescore,13.4,False,2025-07-05,26049.44,819,0,False,False,False,0.59,43874.23
user_011,19,loans,10.4,False,2025-07-04,25718.96,591,1,False,False,False,1.06,24355.98
user_025,9,drivescore,49.7,False,2025-06-28,11636.48,761,0,True,False,True,0.36,32611.82
user_067,33,loans,49.8,False,2025-07-01,20078.91,899,0,False,True,False,0.4,50624.0
user_061,19,insights,60.5,False,2025-06-14,0.0,920,1,False,True,False,0.0,36557.47
user_014,30,improve,73.3,True,2025-06-09,34164.61,359,4,False,True,False,1.12,30539.33
user_028,44,insights,21.5,False,2025-06-27,13666.2,601,1,False,True,True,0.51,26589.82
user_071,24,improve,20.9,False,2025-07-09,18420.35,857,0,False,True,False,0.45,40916.72
user_033,35,improve,48.0,False,2025-06-18,7969.87,900,1,True,True,False,0.19,42675.06
user_095,44,loans,31.5,False,2025-06-13,22722.62,606,1,False,False,True,0.4,56814.41
user_081,24,improve,36.3,False,2025-06-24,12519.32,697,3,False,True,False,0.27,46981.22
user_003,40,drivescore,47.7,False,2025-06-20,12334.91,938,0,False,True,False,0.37,33123.19
user_028,42,improve,66.2,False,2025-06-25,13666.2,601,1,False,True,True,0.51,26589.82
user_089,20,insights,12.4,False,2025-07-05,22182.96,519,4,False,True,False,0.44,50151.97
user_005,3,loans,14.1,False,2025-07-06,7645.23,981,0,True,True,False,0.22,34003.96
user_012,16,drivescore,3.0,True,2025-06-25,21649.58,811,1,False,True,False,0.36,59799.32
user_047,43,insights,25.9,False,2025-06-22,12465.13,797,2,True,False,False,0.28,44436.21
user_053,38,insights,1.1,False,2025-06-11,13447.1,932,0,False,False,False,0.31,43511.29
user_053,42,improve,18.8,False,2025-06-20,13447.1,932,0,False,False,False,0.31,43511.29
user_052,18,improve,23.5,False,2025-07-03,21247.36,763,1,False,True,False,0.51,41341.92
user_056,29,protect,10.1,False,2025-07-06,26049.44,819,0,False,False,False,0.59,43874.23
user_087,24,drivescore,26.8,False,2025-06-19,16176.75,789,1,False,False,False,0.44,37047.58
user_045,4,credit_cards,0.9,True,2025-06-09,13591.5,952,0,True,False,False,0.29,47045.04
user_015,30,improve,1.1,False,2025-06-19,0.0,800,0,False,True,True,0.0,55737.48
user_081,39,improve,51.9,True,2025-06-29,12519.32,697,3,False,True,False,0.27,46981.22
user_031,9,drivescore,13.4,True,2025-06-13,19493.21,772,1,False,True,False,0.54,36314.54
user_097,36,protect,4.1,False,2025-06-13,12960.65,625,2,False,True,False,0.8,16288.8
user_029,22,protect,22.2,False,2025-06-20,11032.59,864,1,False,False,False,0.21,52968.41
user_000,18,protect,44.1,False,2025-06-22,22655.85,696,2,True,True,False,0.47,48541.53
user_032,12,improve,7.3,False,2025-07-09,11779.7,941,0,False,True,False,0.27,42865.97
user_016,1,loans,29.3,False,2025-07-02,14364.02,898,0,True,False,False,0.43,33316.03
user_075,21,improve,2.7,True,2025-07-08,8513.06,977,0,True,True,False,0.18,46095.15
user_016,48,credit_cards,1.6,False,2025-06-16,14364.02,898,0,True,False,False,0.43,33316.03
user_008,31,credit_cards,22.7,False,2025-06-23,6251.13,708,1,True,True,True,0.13,48952.89
user_075,7,credit_cards,23.3,False,2025-06-09,8513.06,977,0,True,True,False,0.18,46095.15
user_078,3,insights,30.4,False,2025-06-12,27007.37,604,2,False,True,False,0.84,32008.87
user_084,34,loans,38.8,False,2025-06-09,26099.61,684,2,False,False,False,0.43,60841.9
user_003,4,credit_cards,111.7,False,2025-06-26,12334.91,938,0,False,True,False,0.37,33123.19
user_087,7,credit_cards,21.8,False,2025-06-25,16176.75,789,1,False,False,False,0.44,37047.58
user_009,6,loans,11.7,False,2025-07-07,0.0,1000,0,False,True,False,0.0,36452.67
user_016,18,drivescore,47.6,False,2025-06-22,14364.02,898,0,True,False,False,0.43,33316.03
user_091,21,credit_cards,9.5,False,2025-06-23,9192.05,734,3,True,True,False,0.26,35644.11
user_037,30,drivescore,17.3,False,2025-07-06,3904.94,1000,0,True,True,False,0.09,45514.83
user_089,8,insights,2.5,False,2025-06-15,22182.96,519,4,False,True,False,0.44,50151.97
user_070,47,protect,0.8,False,2025-06-11,13483.36,772,1,True,True,False,0.57,23661.33
user_029,27,loans,98.6,False,2025-06-27,11032.59,864,1,False,False,False,0.21,52968.41
user_053,47,improve,54.2,False,2025-06-29,13447.1,932,0,False,False,False,0.31,43511.29
user_085,17,loans,35.7,False,2025-06-18,11230.58,783,2,False,True,False,0.27,40899.47
user_060,5,improve,15.8,False,2025-07-07,28025.84,829,0,True,True,False,0.55,51140.44
user_055,7,insights,5.7,False,2025-06-14,8343.06,898,1,True,True,False,0.2,42000.42
user_016,36,improve,5.1,False,2025-06-22,14364.02,898,0,True,False,False,0.43,33316.03
user_071,22,insights,8.6,True,2025-06-28,18420.35,857,0,False,True,False,0.45,40916.72
user_085,49,credit_cards,23.9,False,2025-06-16,11230.58,783,2,False,True,False,0.27,40899.47
user_006,19,drivescore,37.6,False,2025-07-06,24304.74,778,0,False,True,False,0.66,36974.21
user_073,33,protect,32.4,True,2025-06-24,17531.11,832,1,False,True,False,0.37,47624.99
user_028,7,loans,9.9,False,2025-06-28,13666.2,601,1,False,True,True,0.51,26589.82
user_014,49,loans,92.9,False,2025-06-14,34164.61,359,4,False,True,False,1.12,30539.33
user_054,36,drivescore,40.2,False,2025-06-19,14611.15,876,0,False,True,False,0.44,33446.89
user_071,2,drivescore,24.2,False,2025-06-13,18420.35,857,0,False,True,False,0.45,40916.72
user_088,18,improve,28.4,True,2025-06-17,19965.99,630,3,True,False,False,0.56,35342.49
user_097,20,loans,16.3,False,2025-07-04,12960.65,625,2,False,True,False,0.8,16288.8
user_018,37,insights,8.5,False,2025-07-05,27294.57,683,1,False,True,False,0.7,38982.41
user_094,41,improve,13.2,True,2025-06-23,21463.18,842,0,False,True,False,0.5,43084.94
user_027,25,credit_cards,42.5,False,2025-07-04,14944.44,925,0,False,False,False,0.31,48192.97
user_047,20,insights,0.4,False,2025-06-09,12465.13,797,2,True,False,False,0.28,44436.21
user_072,39,improve,3.7,False,2025-07-05,14383.86,718,1,True,True,False,0.96,14969.72
user_020,49,drivescore,1.4,True,2025-07-07,33410.91,732,0,False,True,False,0.7,47474.79
user_034,29,insights,1.2,False,2025-06-20,16006.49,919,0,False,False,False,0.38,42280.17
user_056,27,loans,58.0,True,2025-06-23,26049.44,819,0,False,False,False,0.59,43874.23
user_014,23,credit_cards,36.5,True,2025-06-18,34164.61,359,4,False,True,False,1.12,30539.33
user_086,38,credit_cards,19.3,False,2025-06-30,0.0,1000,0,True,False,False,0.0,47476.59
user_005,15,credit_cards,3.1,False,2025-07-08,7645.23,981,0,True,True,False,0.22,34003.96
user_000,14,loans,20.3,False,2025-06-15,22655.85,696,2,True,True,False,0.47,48541.53
user_017,49,loans,19.2,True,2025-07-06,13178.89,954,0,True,False,False,0.27,49233.19
user_000,32,insights,5.7,False,2025-07-05,22655.85,696,2,True,True,False,0.47,48541.53
user_048,35,insights,17.1,True,2025-06-22,16043.38,864,1,False,False,False,0.27,60495.92
user_085,23,improve,15.3,False,2025-06-16,11230.58,783,2,False,True,False,0.27,40899.47
user_005,28,improve,28.7,False,2025-07-07,7645.23,981,0,True,True,False,0.22,34003.96
user_040,37,credit_cards,30.2,False,2025-06-17,11188.56,944,0,False,False,False,0.3,37872.53
user_081,27,loans,1.4,True,2025-07-09,12519.32,697,3,False,True,False,0.27,46981.22
user_041,11,drivescore,14.1,False,2025-06-17,22996.75,595,3,False,False,False,0.54,42818.75
user_046,6,credit_cards,29.5,False,2025-07-02,23106.04,754,1,False,True,False,0.54,43006.0
user_055,38,credit_cards,21.0,False,2025-06-27,8343.06,898,1,True,True,False,0.2,42000.42
user_039,48,loans,58.2,True,2025-06-15,18705.91,876,0,True,False,False,0.51,36525.5
user_021,5,drivescore,32.2,False,2025-06-23,9528.45,972,0,True,False,False,0.19,50977.97
user_065,13,loans,5.3,False,2025-06-09,20498.5,917,0,True,True,False,0.35,58998.75
user_082,10,protect,2.2,True,2025-07-01,24829.21,765,1,True,False,False,0.49,50678.57
user_025,12,drivescore,30.9,True,2025-06-15,11636.48,761,0,True,False,True,0.36,32611.82
user_083,5,protect,0.8,False,2025-06-19,18441.42,777,1,False,True,False,0.53,34867.95
user_063,30,drivescore,26.4,False,2025-06-25,34516.91,747,0,True,True,False,0.89,38922.49
user_087,37,insights,84.5,False,2025-06-20,16176.75,789,1,False,False,False,0.44,37047.58
user_041,41,loans,25.7,True,2025-07-07,22996.75,595,3,False,False,False,0.54,42818.75
user_060,29,insights,14.7,False,2025-07-01,28025.84,829,0,True,True,False,0.55,51140.44
user_075,4,loans,30.9,False,2025-06-30,8513.06,977,0,True,True,False,0.18,46095.15
user_059,29,improve,18.4,True,2025-06-13,17966.56,830,1,False,True,False,0.37,48984.53
user_036,5,insights,23.7,False,2025-06-12,27928.53,680,1,False,False,False,0.69,40753.32
user_011,40,drivescore,85.1,False,2025-06-25,25718.96,591,1,False,False,False,1.06,24355.98
user_074,36,insights,14.6,False,2025-06-25,15903.78,920,0,False,True,False,0.38,42371.1
user_073,42,protect,97.5,False,2025-06-24,17531.11,832,1,False,True,False,0.37,47624.99
user_064,10,improve,70.7,False,2025-06-14,14493.89,697,1,False,False,False,0.64,22704.44
user_043,46,improve,6.5,False,2025-07-04,14851.17,745,0,True,True,True,0.36,41041.53
user_005,16,insights,2.2,False,2025-06-25,7645.23,981,0,True,True,False,0.22,34003.96
user_067,34,drivescore,3.2,True,2025-06-28,20078.91,899,0,False,True,False,0.4,50624.0
user_036,25,credit_cards,0.6,False,2025-06-18,27928.53,680,1,False,False,False,0.69,40753.32
user_076,4,insights,3.0,False,2025-07-07,0.0,940,1,True,True,False,0.0,43935.58
user_042,7,drivescore,34.5,False,2025-06-30,14928.87,845,1,False,False,False,0.28,52723.5
user_032,47,insights,2.2,False,2025-06-20,11779.7,941,0,False,True,False,0.27,42865.97
user_019,22,improve,11.5,False,2025-07-05,13834.65,800,1,False,False,False,0.42,33219.9
user_044,20,insights,55.9,False,2025-06-27,20790.09,746,0,False,False,False,0.87,23835.08
user_016,39,insights,0.7,False,2025-06-30,14364.02,898,0,True,False,False,0.43,33316.03
user_071,25,insights,50.5,False,2025-06-13,18420.35,857,0,False,True,False,0.45,40916.72
user_016,43,insights,9.9,False,2025-06-16,14364.02,898,0,True,False,False,0.43,33316.03
user_087,34,improve,3.8,False,2025-06-26,16176.75,789,1,False,False,False,0.44,37047.58
user_065,24,improve,35.8,False,2025-07-04,20498.5,917,0,True,True,False,0.35,58998.75
user_027,22,credit_cards,29.7,True,2025-07-05,14944.44,925,0,False,False,False,0.31,48192.97
user_019,5,loans,63.0,False,2025-07-06,13834.65,800,1,False,False,False,0.42,33219.9
user_064,50,drivescore,39.8,False,2025-06-11,14493.89,697,1,False,False,False,0.64,22704.44
user_067,3,insights,48.8,False,2025-06-15,20078.91,899,0,False,True,False,0.4,50624.0
user_079,9,drivescore,9.9,False,2025-07-04,5369.32,833,2,True,False,False,0.1,55456.82
user_023,45,drivescore,5.9,False,2025-07-04,9907.74,810,2,True,False,False,0.3,33571.16
user_092,29,improve,41.7,False,2025-06-18,11555.52,882,1,True,True,False,0.34,34041.79
user_092,16,credit_cards,49.3,False,2025-06-15,11555.52,882,1,True,True,False,0.34,34041.79
user_095,29,protect,139.7,False,2025-06-30,22722.62,606,1,False,False,True,0.4,56814.41
user_060,13,loans,16.0,False,2025-06-21,28025.84,829,0,True,True,False,0.55,51140.44
user_056,30,loans,14.0,False,2025-06-23,26049.44,819,0,False,False,False,0.59,43874.23
user_067,27,protect,44.9,False,2025-06-14,20078.91,899,0,False,True,False,0.4,50624.0
user_077,9,loans,12.5,True,2025-06-24,13746.85,711,3,True,False,False,0.27,51065.94
user_047,36,improve,80.1,False,2025-06-23,12465.13,797,2,True,False,False,0.28,44436.21
user_015,19,improve,58.6,False,2025-07-01,0.0,800,0,False,True,True,0.0,55737.48
user_057,33,protect,16.8,False,2025-07-07,18420.84,697,1,True,False,False,0.82,22381.4
user_028,29,loans,41.7,False,2025-06-26,13666.2,601,1,False,True,True,0.51,26589.82
user_006,26,drivescore,42.1,False,2025-06-27,24304.74,778,0,False,True,False,0.66,36974.21
user_010,24,protect,3.3,True,2025-06-10,25132.54,614,2,False,True,False,0.73,34356.84
user_012,46,insights,69.9,False,2025-07-05,21649.58,811,1,False,True,False,0.36,59799.32
user_017,3,loans,21.1,False,2025-06-24,13178.89,954,0,True,False,False,0.27,49233.19
user_089,9,insights,52.5,False,2025-06-20,22182.96,519,4,False,True,False,0.44,50151.97
user_000,6,improve,11.6,True,2025-06-13,22655.85,696,2,True,True,False,0.47,48541.53
user_019,36,insights,67.8,False,2025-06-26,13834.65,800,1,False,False,False,0.42,33219.9
user_014,50,loans,14.8,True,2025-07-06,34164.61,359,4,False,True,False,1.12,30539.33
user_006,16,credit_cards,0.3,False,2025-06-20,24304.74,778,0,False,True,False,0.66,36974.21
user_058,5,improve,70.7,False,2025-06-24,16688.21,806,1,True,False,False,0.46,36073.65
user_076,35,improve,2.9,False,2025-06-21,0.0,940,1,True,True,False,0.0,43935.58
user_030,46,protect,11.5,True,2025-07-09,6703.88,856,1,True,True,False,0.27,24950.73
user_078,23,protect,89.9,False,2025-07-04,27007.37,604,2,False,True,False,0.84,32008.87
user_085,43,improve,90.2,False,2025-06-28,11230.58,783,2,False,True,False,0.27,40899.47
user_008,34,drivescore,25.6,False,2025-06-23,6251.13,708,1,True,True,True,0.13,48952.89
user_070,2,credit_cards,30.0,False,2025-07-08,13483.36,772,1,True,True,False,0.57,23661.33
user_081,25,loans,17.9,True,2025-07-09,12519.32,697,3,False,True,False,0.27,46981.22
user_045,5,loans,10.4,True,2025-06-18,13591.5,952,0,True,False,False,0.29,47045.04
user_080,7,drivescore,12.0,False,2025-06-29,22591.25,857,0,True,False,False,0.46,48620.57
user_017,3,loans,33.5,False,2025-06-13,13178.89,954,0,True,False,False,0.27,49233.19
user_082,12,insights,41.9,False,2025-06-17,24829.21,765,1,True,False,False,0.49,50678.57
user_061,41,protect,47.0,False,2025-07-07,0.0,920,1,False,True,False,0.0,36557.47
user_091,50,credit_cards,46.8,True,2025-07-03,9192.05,734,3,True,True,False,0.26,35644.11
user_005,13,improve,2.9,False,2025-06-30,7645.23,981,0,True,True,False,0.22,34003.96
user_065,26,drivescore,20.5,False,2025-07-08,20498.5,917,0,True,True,False,0.35,58998.75
user_096,42,protect,1.8,True,2025-06-12,32450.33,737,0,False,True,False,0.83,39151.76
user_099,4,insights,23.9,False,2025-07-06,9884.63,810,2,True,True,False,0.27,36662.4
user_047,28,credit_cards,17.5,False,2025-06-11,12465.13,797,2,True,False,False,0.28,44436.21
user_049,22,protect,65.6,False,2025-06-24,13720.06,771,2,False,False,False,0.29,46750.54
user_047,34,loans,13.0,False,2025-06-16,12465.13,797,2,True,False,False,0.28,44436.21
user_054,6,credit_cards,3.7,False,2025-06-13,14611.15,876,0,False,True,False,0.44,33446.89
user_023,35,loans,4.6,False,2025-07-07,9907.74,810,2,True,False,False,0.3,33571.16
user_041,43,loans,43.0,False,2025-06-20,22996.75,595,3,False,False,False,0.54,42818.75
user_091,28,protect,28.9,False,2025-06-28,9192.05,734,3,True,True,False,0.26,35644.11
user_057,3,insights,3.2,False,2025-06-28,18420.84,697,1,True,False,False,0.82,22381.4
user_078,28,loans,2.6,False,2025-06-14,27007.37,604,2,False,True,False,0.84,32008.87
user_007,5,insights,36.2,False,2025-06-28,20254.6,918,0,True,True,False,0.39,52182.49
user_065,48,insights,2.3,True,2025-07-09,20498.5,917,0,True,True,False,0.35,58998.75
user_018,39,insights,51.8,False,2025-07-08,27294.57,683,1,False,True,False,0.7,38982.41
user_016,5,protect,36.7,False,2025-06-28,14364.02,898,0,True,False,False,0.43,33316.03
user_046,25,drivescore,2.5,True,2025-07-05,23106.04,754,1,False,True,False,0.54,43006.0
user_086,29,loans,2.7,False,2025-06-15,0.0,1000,0,True,False,False,0.0,47476.59
user_009,37,protect,129.5,False,2025-06-27,0.0,1000,0,False,True,False,0.0,36452.67
user_040,42,loans,14.1,True,2025-07-06,11188.56,944,0,False,False,False,0.3,37872.53
user_003,48,protect,13.9,False,2025-06-27,12334.91,938,0,False,True,False,0.37,33123.19
user_071,8,loans,50.3,False,2025-06-17,18420.35,857,0,False,True,False,0.45,40916.72
user_057,14,drivescore,88.3,True,2025-06-10,18420.84,697,1,True,False,False,0.82,22381.4
user_062,13,improve,128.1,True,2025-07-07,0.0,760,3,False,False,False,0.0,30836.91
user_057,12,insights,42.0,False,2025-07-07,18420.84,697,1,True,False,False,0.82,22381.4
user_087,21,insights,14.2,False,2025-07-07,16176.75,789,1,False,False,False,0.44,37047.58
user_070,35,loans,2.6,False,2025-06-12,13483.36,772,1,True,True,False,0.57,23661.33
user_020,46,insights,45.0,False,2025-06-19,33410.91,732,0,False,True,False,0.7,47474.79
user_022,24,drivescore,24.5,True,2025-07-03,18062.76,419,3,False,False,True,0.5,35849.77
user_017,16,credit_cards,16.6,True,2025-06-22,13178.89,954,0,True,False,False,0.27,49233.19
user_073,24,credit_cards,71.0,False,2025-06-22,17531.11,832,1,False,True,False,0.37,47624.99
user_016,40,improve,3.5,True,2025-06-27,14364.02,898,0,True,False,False,0.43,33316.03
user_091,47,credit_cards,20.4,False,2025-06-15,9192.05,734,3,True,True,False,0.26,35644.11
user_052,37,improve,0.3,True,2025-06-29,21247.36,763,1,False,True,False,0.51,41341.92
user_082,5,credit_cards,19.0,False,2025-06-23,24829.21,765,1,True,False,False,0.49,50678.57
user_044,9,drivescore,1.7,False,2025-07-04,20790.09,746,0,False,False,False,0.87,23835.08
user_098,9,credit_cards,3.8,False,2025-06-12,11161.61,944,0,False,True,False,0.29,38552.84
user_007,8,drivescore,3.8,True,2025-07-04,20254.6,918,0,True,True,False,0.39,52182.49
user_020,21,insights,31.4,True,2025-06-09,33410.91,732,0,False,True,False,0.7,47474.79
user_066,19,improve,41.1,True,2025-06-19,27783.73,781,0,True,True,False,0.77,36175.31
user_070,18,protect,26.3,False,2025-06-20,13483.36,772,1,True,True,False,0.57,23661.33
user_068,6,drivescore,98.2,False,2025-06-21,17349.55,683,0,True,False,True,0.6,28730.62
user_074,10,protect,14.1,False,2025-06-16,15903.78,920,0,False,True,False,0.38,42371.1
user_077,22,drivescore,10.1,True,2025-06-12,13746.85,711,3,True,False,False,0.27,51065.94
user_003,6,improve,60.9,False,2025-06-15,12334.91,938,0,False,True,False,0.37,33123.19
user_073,17,insights,7.6,True,2025-06-21,17531.11,832,1,False,True,False,0.37,47624.99
user_053,40,insights,99.1,True,2025-06-11,13447.1,932,0,False,False,False,0.31,43511.29
user_080,35,loans,0.4,False,2025-06-30,22591.25,857,0,True,False,False,0.46,48620.57
user_061,16,insights,105.1,False,2025-06-25,0.0,920,1,False,True,False,0.0,36557.47
user_009,45,improve,1.3,True,2025-06-26,0.0,1000,0,False,True,False,0.0,36452.67
user_061,30,protect,66.5,False,2025-07-05,0.0,920,1,False,True,False,0.0,36557.47
user_040,46,loans,22.5,False,2025-06-12,11188.56,944,0,False,False,False,0.3,37872.53
user_044,26,protect,148.7,False,2025-06-23,20790.09,746,0,False,False,False,0.87,23835.08
user_071,7,loans,2.3,True,2025-07-06,18420.35,857,0,False,True,False,0.45,40916.72
user_034,29,protect,24.2,True,2025-07-08,16006.49,919,0,False,False,False,0.38,42280.17
user_037,25,drivescore,104.5,False,2025-06-09,3904.94,1000,0,True,True,False,0.09,45514.83
user_020,21,drivescore,22.2,False,2025-07-03,33410.91,732,0,False,True,False,0.7,47474.79
user_097,11,credit_cards,29.8,False,2025-06-25,12960.65,625,2,False,True,False,0.8,16288.8
user_063,20,credit_cards,35.7,True,2025-06-09,34516.91,747,0,True,True,False,0.89,38922.49
user_050,33,credit_cards,18.2,False,2025-07-03,23694.83,751,1,False,True,False,0.47,50158.4
user_074,23,improve,29.6,True,2025-06-24,15903.78,920,0,False,True,False,0.38,42371.1
user_076,42,insights,26.3,False,2025-06-22,0.0,940,1,True,True,False,0.0,43935.58
user_001,7,credit_cards,69.4,True,2025-07-01,21326.1,643,0,False,True,True,0.54,39373.39
user_093,24,credit_cards,1.4,False,2025-06-27,13257.31,803,1,False,True,False,0.43,30829.73
user_006,37,drivescore,9.9,True,2025-06-22,24304.74,778,0,False,True,False,0.66,36974.21
user_036,5,credit_cards,90.1,False,2025-06-15,27928.53,680,1,False,False,False,0.69,40753.32
user_070,18,drivescore,66.3,False,2025-07-06,13483.36,772,1,True,True,False,0.57,23661.33
user_016,7,credit_cards,18.2,False,2025-06-29,14364.02,898,0,True,False,False,0.43,33316.03
user_071,24,protect,29.0,True,2025-06-23,18420.35,857,0,False,True,False,0.45,40916.72
user_051,33,improve,9.7,True,2025-07-05,17113.83,524,3,False,False,False,0.78,22037.94
user_091,22,credit_cards,6.3,False,2025-07-05,9192.05,734,3,True,True,False,0.26,35644.11
user_077,33,protect,18.7,False,2025-06-20,13746.85,711,3,True,False,False,0.27,51065.94
user_040,11,credit_cards,13.1,False,2025-06-16,11188.56,944,0,False,False,False,0.3,37872.53
user_038,38,loans,26.3,False,2025-06-23,24365.97,668,2,False,True,False,0.59,41495.74
user_068,32,insights,2.4,False,2025-06-24,17349.55,683,0,True,False,True,0.6,28730.62
user_002,24,loans,109.9,False,2025-06-26,20555.25,867,0,True,True,False,0.41,50391.86
user_074,20,insights,128.5,False,2025-06-19,15903.78,920,0,False,True,False,0.38,42371.1
user_003,39,credit_cards,35.9,True,2025-06-19,12334.91,938,0,False,True,False,0.37,33123.19
user_099,38,drivescore,23.0,True,2025-07-08,9884.63,810,2,True,True,False,0.27,36662.4
user_074,31,protect,11.1,False,2025-06-16,15903.78,920,0,False,True,False,0.38,42371.1
user_079,50,credit_cards,50.4,True,2025-06-18,5369.32,833,2,True,False,False,0.1,55456.82
user_031,3,drivescore,34.6,False,2025-07-06,19493.21,772,1,False,True,False,0.54,36314.54
user_024,2,credit_cards,5.3,False,2025-07-05,18225.36,878,0,True,False,False,0.49,37429.86
user_052,45,protect,72.5,False,2025-06-15,21247.36,763,1,False,True,False,0.51,41341.92
user_078,31,insights,51.9,False,2025-06-17,27007.37,604,2,False,True,False,0.84,32008.87
user_017,34,protect,89.8,False,2025-06-18,13178.89,954,0,True,False,False,0.27,49233.19
user_061,34,credit_cards,38.8,False,2025-07-04,0.0,920,1,False,True,False,0.0,36557.47
user_058,35,loans,28.5,False,2025-06-18,16688.21,806,1,True,False,False,0.46,36073.65
user_098,47,insights,16.3,False,2025-06-17,11161.61,944,0,False,True,False,0.29,38552.84
user_033,40,credit_cards,81.0,True,2025-07-02,7969.87,900,1,True,True,False,0.19,42675.06
user_035,36,loans,60.3,True,2025-06-30,4518.77,917,1,True,True,False,0.16,28187.75
user_098,19,insights,1.4,True,2025-06-17,11161.61,944,0,False,True,False,0.29,38552.84
user_062,21,credit_cards,0.8,False,2025-06-10,0.0,760,3,False,False,False,0.0,30836.91
user_092,18,loans,14.2,True,2025-06-18,11555.52,882,1,True,True,False,0.34,34041.79
user_069,25,credit_cards,49.9,False,2025-06-09,16154.89,529,2,True,True,True,0.42,38255.79
user_098,10,loans,130.9,True,2025-06-09,11161.61,944,0,False,True,False,0.29,38552.84
user_091,6,loans,4.9,False,2025-06-19,9192.05,734,3,True,True,False,0.26,35644.11
user_032,48,credit_cards,27.1,True,2025-06-13,11779.7,941,0,False,True,False,0.27,42865.97
user_068,18,drivescore,14.4,False,2025-07-05,17349.55,683,0,True,False,True,0.6,28730.62
user_013,40,insights,105.1,False,2025-07-02,15684.89,921,0,False,False,False,0.33,47259.96
user_006,43,drivescore,55.4,True,2025-07-02,24304.74,778,0,False,True,False,0.66,36974.21
user_006,7,credit_cards,54.7,False,2025-06-24,24304.74,778,0,False,True,False,0.66,36974.21
user_012,44,protect,19.0,True,2025-06-22,21649.58,811,1,False,True,False,0.36,59799.32
user_020,27,insights,16.1,False,2025-06-11,33410.91,732,0,False,True,False,0.7,47474.79
user_060,31,insights,9.6,True,2025-06-09,28025.84,829,0,True,True,False,0.55,51140.44
user_036,21,loans,1.7,False,2025-06-10,27928.53,680,1,False,False,False,0.69,40753.32
user_098,6,insights,60.0,False,2025-06-22,11161.61,944,0,False,True,False,0.29,38552.84
user_094,47,improve,50.3,False,2025-07-04,21463.18,842,0,False,True,False,0.5,43084.94
user_053,12,improve,245.2,False,2025-06-27,13447.1,932,0,False,False,False,0.31,43511.29
user_063,12,insights,170.8,False,2025-06-10,34516.91,747,0,True,True,False,0.89,38922.49
user_037,3,improve,24.3,True,2025-06-20,3904.94,1000,0,True,True,False,0.09,45514.83
user_013,22,loans,44.0,False,2025-06-19,15684.89,921,0,False,False,False,0.33,47259.96
user_069,34,credit_cards,86.9,False,2025-07-05,16154.89,529,2,True,True,True,0.42,38255.79
user_064,30,loans,56.8,True,2025-07-06,14493.89,697,1,False,False,False,0.64,22704.44
user_042,11,insights,8.5,False,2025-07-01,14928.87,845,1,False,False,False,0.28,52723.5
user_091,12,improve,18.0,False,2025-06-14,9192.05,734,3,True,True,False,0.26,35644.11
user_037,37,insights,4.1,False,2025-07-04,3904.94,1000,0,True,True,False,0.09,45514.83
user_078,41,credit_cards,92.4,False,2025-06-23,27007.37,604,2,False,True,False,0.84,32008.87
user_041,6,credit_cards,28.0,False,2025-07-04,22996.75,595,3,False,False,False,0.54,42818.75
user_017,31,loans,7.8,False,2025-07-09,13178.89,954,0,True,False,False,0.27,49233.19
user_033,25,protect,33.4,False,2025-07-01,7969.87,900,1,True,True,False,0.19,42675.06
user_042,20,drivescore,28.9,False,2025-07-09,14928.87,845,1,False,False,False,0.28,52723.5
user_033,42,loans,13.3,False,2025-07-08,7969.87,900,1,True,True,False,0.19,42675.06
user_085,8,credit_cards,3.6,False,2025-06-27,11230.58,783,2,False,True,False,0.27,40899.47
user_087,33,insights,33.4,False,2025-06-17,16176.75,789,1,False,False,False,0.44,37047.58
user_015,41,loans,22.0,False,2025-07-02,0.0,800,0,False,True,True,0.0,55737.48
user_028,9,credit_cards,44.4,True,2025-06-16,13666.2,601,1,False,True,True,0.51,26589.82
user_077,24,credit_cards,22.0,False,2025-06-10,13746.85,711,3,True,False,False,0.27,51065.94
user_060,49,drivescore,57.4,False,2025-06-13,28025.84,829,0,True,True,False,0.55,51140.44
user_027,49,protect,24.1,False,2025-06-20,14944.44,925,0,False,False,False,0.31,48192.97
user_010,34,credit_cards,24.7,False,2025-06-28,25132.54,614,2,False,True,False,0.73,34356.84
user_009,37,improve,62.8,True,2025-06-22,0.0,1000,0,False,True,False,0.0,36452.67
user_064,13,drivescore,15.5,False,2025-07-04,14493.89,697,1,False,False,False,0.64,22704.44
user_041,34,credit_cards,4.3,True,2025-07-03,22996.75,595,3,False,False,False,0.54,42818.75
user_091,38,credit_cards,0.9,True,2025-06-23,9192.05,734,3,True,True,False,0.26,35644.11
user_057,4,credit_cards,42.2,True,2025-06-26,18420.84,697,1,True,False,False,0.82,22381.4
user_058,37,improve,29.1,False,2025-06-18,16688.21,806,1,True,False,False,0.46,36073.65
user_039,47,improve,36.5,False,2025-06-13,18705.91,876,0,True,False,False,0.51,36525.5
user_000,48,protect,7.2,False,2025-07-08,22655.85,696,2,True,True,False,0.47,48541.53
user_054,23,insights,4.4,True,2025-07-08,14611.15,876,0,False,True,False,0.44,33446.89
user_008,31,improve,0.4,True,2025-07-04,6251.13,708,1,True,True,True,0.13,48952.89
user_098,9,insights,13.0,False,2025-06-19,11161.61,944,0,False,True,False,0.29,38552.84
user_053,24,credit_cards,26.7,False,2025-06-10,13447.1,932,0,False,False,False,0.31,43511.29
user_048,25,improve,14.9,False,2025-06-18,16043.38,864,1,False,False,False,0.27,60495.92
user_069,9,insights,17.3,False,2025-07-06,16154.89,529,2,True,True,True,0.42,38255.79
user_022,35,credit_cards,70.4,False,2025-06-16,18062.76,419,3,False,False,True,0.5,35849.77
user_028,1,improve,12.8,False,2025-06-25,13666.2,601,1,False,True,True,0.51,26589.82
user_086,47,drivescore,21.6,False,2025-06-27,0.0,1000,0,True,False,False,0.0,47476.59
user_029,16,credit_cards,45.9,False,2025-07-01,11032.59,864,1,False,False,False,0.21,52968.41
user_024,47,improve,15.2,True,2025-06-18,18225.36,878,0,True,False,False,0.49,37429.86
user_053,40,improve,29.2,True,2025-07-07,13447.1,932,0,False,False,False,0.31,43511.29
user_012,39,improve,59.5,False,2025-06-18,21649.58,811,1,False,True,False,0.36,59799.32
user_090,4,protect,89.6,False,2025-06-27,30810.37,815,0,True,False,False,0.58,53320.32
user_056,15,drivescore,4.8,True,2025-06-12,26049.44,819,0,False,False,False,0.59,43874.23
user_099,4,protect,78.3,False,2025-06-30,9884.63,810,2,True,True,False,0.27,36662.4
user_029,47,drivescore,20.3,False,2025-06-20,11032.59,864,1,False,False,False,0.21,52968.41
user_098,44,loans,9.0,True,2025-06-11,11161.61,944,0,False,True,False,0.29,38552.84
user_018,43,drivescore,18.4,True,2025-06-30,27294.57,683,1,False,True,False,0.7,38982.41
user_035,4,drivescore,117.4,False,2025-06-11,4518.77,917,1,True,True,False,0.16,28187.75
user_094,12,insights,20.4,False,2025-06-22,21463.18,842,0,False,True,False,0.5,43084.94
user_063,4,loans,12.0,False,2025-06-18,34516.91,747,0,True,True,False,0.89,38922.49
user_048,34,loans,30.1,False,2025-06-26,16043.38,864,1,False,False,False,0.27,60495.92
user_019,20,credit_cards,8.2,True,2025-06-22,13834.65,800,1,False,False,False,0.42,33219.9
user_060,16,protect,2.4,False,2025-06-17,28025.84,829,0,True,True,False,0.55,51140.44
user_018,30,improve,4.1,False,2025-06-09,27294.57,683,1,False,True,False,0.7,38982.41
user_053,36,drivescore,4.1,True,2025-07-02,13447.1,932,0,False,False,False,0.31,43511.29
user_032,14,loans,4.9,False,2025-06-10,11779.7,941,0,False,True,False,0.27,42865.97
user_057,24,improve,4.5,False,2025-06-13,18420.84,697,1,True,False,False,0.82,22381.4
user_024,4,loans,30.7,False,2025-06-20,18225.36,878,0,True,False,False,0.49,37429.86
user_077,3,improve,6.0,True,2025-06-15,13746.85,711,3,True,False,False,0.27,51065.94
user_075,47,insights,12.7,False,2025-06-24,8513.06,977,0,True,True,False,0.18,46095.15
user_026,22,loans,68.1,False,2025-07-09,9078.26,714,3,False,True,False,0.18,51228.39
user_027,13,insights,19.3,True,2025-06-15,14944.44,925,0,False,False,False,0.31,48192.97
user_061,16,insights,33.0,False,2025-07-03,0.0,920,1,False,True,False,0.0,36557.47
user_050,16,drivescore,5.7,False,2025-06-30,23694.83,751,1,False,True,False,0.47,50158.4
user_048,30,drivescore,6.4,False,2025-06-30,16043.38,864,1,False,False,False,0.27,60495.92
user_033,24,drivescore,1.3,False,2025-06-25,7969.87,900,1,True,True,False,0.19,42675.06
user_012,47,credit_cards,5.6,False,2025-06-29,21649.58,811,1,False,True,False,0.36,59799.32
user_026,24,loans,9.8,False,2025-06-21,9078.26,714,3,False,True,False,0.18,51228.39
user_028,48,protect,5.8,True,2025-06-22,13666.2,601,1,False,True,True,0.51,26589.82
user_074,38,insights,2.8,False,2025-07-05,15903.78,920,0,False,True,False,0.38,42371.1
user_025,22,protect,3.9,False,2025-06-13,11636.48,761,0,True,False,True,0.36,32611.82
user_031,32,drivescore,18.5,False,2025-06-18,19493.21,772,1,False,True,False,0.54,36314.54
user_043,17,credit_cards,6.9,False,2025-06-19,14851.17,745,0,True,True,True,0.36,41041.53
user_094,32,credit_cards,13.6,True,2025-06-14,21463.18,842,0,False,True,False,0.5,43084.94
user_045,11,protect,21.0,False,2025-06-24,13591.5,952,0,True,False,False,0.29,47045.04
user_023,35,insights,35.2,False,2025-06-23,9907.74,810,2,True,False,False,0.3,33571.16
user_004,5,insights,1.2,True,2025-07-09,21378.52,763,1,False,True,False,0.48,44222.31
user_052,9,insights,48.2,True,2025-06-17,21247.36,763,1,False,True,False,0.51,41341.92
user_019,1,protect,29.7,False,2025-06-28,13834.65,800,1,False,False,False,0.42,33219.9
user_007,40,insights,2.6,False,2025-06-20,20254.6,918,0,True,True,False,0.39,52182.49
user_061,43,credit_cards,62.0,True,2025-06-22,0.0,920,1,False,True,False,0.0,36557.47
user_070,27,improve,76.1,True,2025-06-16,13483.36,772,1,True,True,False,0.57,23661.33
user_035,35,loans,1.9,True,2025-06-13,4518.77,917,1,True,True,False,0.16,28187.75
user_089,44,credit_cards,9.7,False,2025-06-10,22182.96,519,4,False,True,False,0.44,50151.97
user_022,7,improve,49.2,False,2025-07-02,18062.76,419,3,False,False,True,0.5,35849.77
user_024,40,drivescore,41.4,True,2025-06-28,18225.36,878,0,True,False,False,0.49,37429.86
user_034,26,improve,6.1,False,2025-06-27,16006.49,919,0,False,False,False,0.38,42280.17
user_058,37,protect,7.0,False,2025-07-02,16688.21,806,1,True,False,False,0.46,36073.65
user_038,44,improve,13.9,False,2025-06-12,24365.97,668,2,False,True,False,0.59,41495.74
user_083,49,improve,19.9,True,2025-06-27,18441.42,777,1,False,True,False,0.53,34867.95
user_048,36,credit_cards,28.9,True,2025-07-09,16043.38,864,1,False,False,False,0.27,60495.92
user_089,11,improve,13.8,False,2025-06-26,22182.96,519,4,False,True,False,0.44,50151.97
user_082,22,drivescore,18.6,False,2025-07-06,24829.21,765,1,True,False,False,0.49,50678.57
user_067,3,protect,41.3,True,2025-06-12,20078.91,899,0,False,True,False,0.4,50624.0
user_088,37,credit_cards,1.1,True,2025-06-10,19965.99,630,3,True,False,False,0.56,35342.49
user_009,44,loans,8.7,False,2025-06-21,0.0,1000,0,False,True,False,0.0,36452.67
user_084,3,protect,37.5,False,2025-06-29,26099.61,684,2,False,False,False,0.43,60841.9
user_002,14,drivescore,67.7,True,2025-06-13,20555.25,867,0,True,True,False,0.41,50391.86
user_091,26,improve,21.5,True,2025-06-21,9192.05,734,3,True,True,False,0.26,35644.11
user_030,37,credit_cards,22.8,False,2025-06-22,6703.88,856,1,True,True,False,0.27,24950.73
user_042,25,insights,3.4,True,2025-06-17,14928.87,845,1,False,False,False,0.28,52723.5
user_092,6,drivescore,17.8,False,2025-06-28,11555.52,882,1,True,True,False,0.34,34041.79
user_006,7,credit_cards,22.8,True,2025-07-07,24304.74,778,0,False,True,False,0.66,36974.21
user_043,39,drivescore,8.3,False,2025-06-27,14851.17,745,0,True,True,True,0.36,41041.53
user_099,21,improve,9.4,False,2025-06-14,9884.63,810,2,True,True,False,0.27,36662.4
user_057,32,protect,14.2,False,2025-06-09,18420.84,697,1,True,False,False,0.82,22381.4
user_048,28,protect,0.6,False,2025-06-18,16043.38,864,1,False,False,False,0.27,60495.92
user_048,6,drivescore,11.7,True,2025-07-02,16043.38,864,1,False,False,False,0.27,60495.92
user_091,5,improve,7.1,True,2025-06-27,9192.05,734,3,True,True,False,0.26,35644.11
user_091,41,protect,11.9,False,2025-06-29,9192.05,734,3,True,True,False,0.26,35644.11
user_046,7,improve,3.8,True,2025-06-30,23106.04,754,1,False,True,False,0.54,43006.0
user_056,24,loans,66.4,True,2025-07-07,26049.44,819,0,False,False,False,0.59,43874.23
user_023,28,credit_cards,27.0,False,2025-06-23,9907.74,810,2,True,False,False,0.3,33571.16
user_052,7,improve,34.1,True,2025-06-22,21247.36,763,1,False,True,False,0.51,41341.92
user_011,39,drivescore,46.7,False,2025-06-12,25718.96,591,1,False,False,False,1.06,24355.98
user_049,1,loans,20.7,False,2025-06-15,13720.06,771,2,False,False,False,0.29,46750.54
user_010,47,drivescore,2.7,False,2025-07-02,25132.54,614,2,False,True,False,0.73,34356.84
user_073,34,protect,23.1,False,2025-07-04,17531.11,832,1,False,True,False,0.37,47624.99
user_017,18,loans,26.5,True,2025-07-05,13178.89,954,0,True,False,False,0.27,49233.19
user_008,11,credit_cards,41.0,True,2025-06-30,6251.13,708,1,True,True,True,0.13,48952.89
user_061,5,loans,17.0,True,2025-07-02,0.0,920,1,False,True,False,0.0,36557.47
user_092,41,credit_cards,4.1,False,2025-07-03,11555.52,882,1,True,True,False,0.34,34041.79
user_058,7,protect,10.0,False,2025-06-09,16688.21,806,1,True,False,False,0.46,36073.65
user_050,22,drivescore,13.5,False,2025-06-12,23694.83,751,1,False,True,False,0.47,50158.4
user_042,29,loans,31.1,False,2025-06-13,14928.87,845,1,False,False,False,0.28,52723.5
user_083,39,protect,25.4,False,2025-06-20,18441.42,777,1,False,True,False,0.53,34867.95
user_088,13,credit_cards,13.2,False,2025-06-09,19965.99,630,3,True,False,False,0.56,35342.49
user_050,21,loans,129.2,False,2025-06-19,23694.83,751,1,False,True,False,0.47,50158.4
user_062,37,protect,27.9,False,2025-07-01,0.0,760,3,False,False,False,0.0,30836.91
user_050,24,improve,8.1,False,2025-07-03,23694.83,751,1,False,True,False,0.47,50158.4
user_075,35,protect,3.2,False,2025-06-22,8513.06,977,0,True,True,False,0.18,46095.15
user_003,47,credit_cards,5.0,False,2025-07-03,12334.91,938,0,False,True,False,0.37,33123.19
user_056,19,insights,8.5,True,2025-06-12,26049.44,819,0,False,False,False,0.59,43874.23
user_052,44,credit_cards,5.3,True,2025-06-30,21247.36,763,1,False,True,False,0.51,41341.92
user_030,17,insights,6.2,True,2025-06-26,6703.88,856,1,True,True,False,0.27,24950.73
user_048,5,credit_cards,10.1,False,2025-06-24,16043.38,864,1,False,False,False,0.27,60495.92
user_074,26,drivescore,5.7,False,2025-06-10,15903.78,920,0,False,True,False,0.38,42371.1
user_088,27,drivescore,68.1,True,2025-06-09,19965.99,630,3,True,False,False,0.56,35342.49
user_046,45,drivescore,2.5,False,2025-06-10,23106.04,754,1,False,True,False,0.54,43006.0
user_010,7,protect,22.3,False,2025-06-28,25132.54,614,2,False,True,False,0.73,34356.84
user_021,42,drivescore,15.8,True,2025-06-19,9528.45,972,0,True,False,False,0.19,50977.97
user_086,42,credit_cards,121.2,False,2025-06-29,0.0,1000,0,True,False,False,0.0,47476.59
user_055,7,improve,3.6,True,2025-07-02,8343.06,898,1,True,True,False,0.2,42000.42
user_065,48,drivescore,15.2,False,2025-06-17,20498.5,917,0,True,True,False,0.35,58998.75
user_073,15,credit_cards,104.7,False,2025-06-25,17531.11,832,1,False,True,False,0.37,47624.99
user_098,44,drivescore,60.2,False,2025-07-05,11161.61,944,0,False,True,False,0.29,38552.84
user_044,2,credit_cards,51.0,True,2025-06-26,20790.09,746,0,False,False,False,0.87,23835.08
user_010,8,insights,8.9,True,2025-06-30,25132.54,614,2,False,True,False,0.73,34356.84
user_043,30,protect,5.6,False,2025-06-28,14851.17,745,0,True,True,True,0.36,41041.53
user_060,7,credit_cards,33.1,False,2025-06-25,28025.84,829,0,True,True,False,0.55,51140.44
user_040,5,loans,79.5,True,2025-06-17,11188.56,944,0,False,False,False,0.3,37872.53
user_014,2,loans,24.4,False,2025-06-18,34164.61,359,4,False,True,False,1.12,30539.33
user_021,48,protect,25.4,False,2025-06-22,9528.45,972,0,True,False,False,0.19,50977.97
user_020,22,drivescore,9.9,False,2025-06-25,33410.91,732,0,False,True,False,0.7,47474.79
user_029,26,insights,44.0,True,2025-06-19,11032.59,864,1,False,False,False,0.21,52968.41
user_084,28,credit_cards,6.2,True,2025-06-20,26099.61,684,2,False,False,False,0.43,60841.9
user_025,29,drivescore,11.7,False,2025-07-09,11636.48,761,0,True,False,True,0.36,32611.82
user_090,14,protect,16.6,True,2025-06-17,30810.37,815,0,True,False,False,0.58,53320.32
user_008,37,improve,21.3,False,2025-06-22,6251.13,708,1,True,True,True,0.13,48952.89
user_023,24,loans,8.3,True,2025-07-06,9907.74,810,2,True,False,False,0.3,33571.16
user_033,43,credit_cards,3.7,False,2025-06-19,7969.87,900,1,True,True,False,0.19,42675.06
user_040,39,credit_cards,28.3,False,2025-06-21,11188.56,944,0,False,False,False,0.3,37872.53
user_014,23,loans,10.2,False,2025-06-20,34164.61,359,4,False,True,False,1.12,30539.33
user_022,44,insights,26.1,False,2025-06-10,18062.76,419,3,False,False,True,0.5,35849.77
user_078,38,improve,5.0,False,2025-06-29,27007.37,604,2,False,True,False,0.84,32008.87
user_015,16,loans,19.7,True,2025-06-28,0.0,800,0,False,True,True,0.0,55737.48
user_088,10,drivescore,22.8,False,2025-06-20,19965.99,630,3,True,False,False,0.56,35342.49
user_017,37,credit_cards,1.6,False,2025-06-24,13178.89,954,0,True,False,False,0.27,49233.19
user_081,35,insights,12.3,False,2025-06-10,12519.32,697,3,False,True,False,0.27,46981.22
user_022,36,protect,4.3,False,2025-07-05,18062.76,419,3,False,False,True,0.5,35849.77
user_023,21,credit_cards,2.0,False,2025-06-12,9907.74,810,2,True,False,False,0.3,33571.16
user_045,1,credit_cards,138.0,True,2025-06-13,13591.5,952,0,True,False,False,0.29,47045.04
user_049,36,drivescore,11.7,False,2025-06-26,13720.06,771,2,False,False,False,0.29,46750.54
user_087,32,credit_cards,49.8,False,2025-06-25,16176.75,789,1,False,False,False,0.44,37047.58
user_062,11,improve,8.8,False,2025-06-14,0.0,760,3,False,False,False,0.0,30836.91
user_097,15,loans,34.3,True,2025-07-02,12960.65,625,2,False,True,False,0.8,16288.8
user_068,19,protect,42.8,False,2025-06-21,17349.55,683,0,True,False,True,0.6,28730.62
user_095,50,credit_cards,27.2,False,2025-07-06,22722.62,606,1,False,False,True,0.4,56814.41
user_073,8,loans,19.1,False,2025-06-13,17531.11,832,1,False,True,False,0.37,47624.99
user_046,35,improve,15.9,False,2025-06-25,23106.04,754,1,False,True,False,0.54,43006.0
user_069,14,credit_cards,12.9,True,2025-06-13,16154.89,529,2,True,True,True,0.42,38255.79
user_083,49,protect,79.6,True,2025-07-08,18441.42,777,1,False,True,False,0.53,34867.95
user_057,17,loans,53.3,False,2025-07-07,18420.84,697,1,True,False,False,0.82,22381.4
user_056,8,protect,100.6,True,2025-06-16,26049.44,819,0,False,False,False,0.59,43874.23
user_075,45,loans,4.0,False,2025-06-20,8513.06,977,0,True,True,False,0.18,46095.15
user_080,28,protect,39.4,False,2025-06-14,22591.25,857,0,True,False,False,0.46,48620.57
user_026,14,improve,83.6,False,2025-06-22,9078.26,714,3,False,True,False,0.18,51228.39
user_035,39,drivescore,6.0,True,2025-06-17,4518.77,917,1,True,True,False,0.16,28187.75
user_037,19,drivescore,2.1,True,2025-06-12,3904.94,1000,0,True,True,False,0.09,45514.83
user_065,44,improve,40.5,True,2025-06-15,20498.5,917,0,True,True,False,0.35,58998.75
user_052,4,loans,25.6,False,2025-07-05,21247.36,763,1,False,True,False,0.51,41341.92
user_089,9,protect,55.3,True,2025-06-29,22182.96,519,4,False,True,False,0.44,50151.97
user_031,49,insights,4.5,False,2025-07-05,19493.21,772,1,False,True,False,0.54,36314.54
user_073,41,loans,47.6,False,2025-06-27,17531.11,832,1,False,True,False,0.37,47624.99
user_057,5,insights,6.8,False,2025-06-15,18420.84,697,1,True,False,False,0.82,22381.4
user_011,26,drivescore,5.4,False,2025-06-17,25718.96,591,1,False,False,False,1.06,24355.98
user_047,30,credit_cards,5.4,False,2025-07-09,12465.13,797,2,True,False,False,0.28,44436.21
user_099,47,improve,50.6,False,2025-06-25,9884.63,810,2,True,True,False,0.27,36662.4
user_081,43,insights,32.8,False,2025-07-07,12519.32,697,3,False,True,False,0.27,46981.22
user_068,26,protect,22.2,False,2025-06-13,17349.55,683,0,True,False,True,0.6,28730.62
user_027,32,loans,13.3,False,2025-06-30,14944.44,925,0,False,False,False,0.31,48192.97
user_043,36,drivescore,62.9,True,2025-06-12,14851.17,745,0,True,True,True,0.36,41041.53
user_062,22,insights,14.9,False,2025-07-08,0.0,760,3,False,False,False,0.0,30836.91
user_012,41,credit_cards,50.9,True,2025-06-10,21649.58,811,1,False,True,False,0.36,59799.32
user_020,29,credit_cards,17.3,True,2025-06-09,33410.91,732,0,False,True,False,0.7,47474.79
user_054,13,insights,14.2,False,2025-06-11,14611.15,876,0,False,True,False,0.44,33446.89
user_083,20,protect,18.6,False,2025-06-11,18441.42,777,1,False,True,False,0.53,34867.95
user_035,6,insights,10.8,False,2025-07-07,4518.77,917,1,True,True,False,0.16,28187.75
user_047,43,insights,41.3,True,2025-06-27,12465.13,797,2,True,False,False,0.28,44436.21
user_080,20,insights,21.0,False,2025-07-02,22591.25,857,0,True,False,False,0.46,48620.57
user_054,42,improve,7.9,False,2025-07-09,14611.15,876,0,False,True,False,0.44,33446.89
user_027,31,improve,69.0,True,2025-07-02,14944.44,925,0,False,False,False,0.31,48192.97
user_066,44,credit_cards,14.5,True,2025-06-17,27783.73,781,0,True,True,False,0.77,36175.31
user_043,8,credit_cards,23.5,False,2025-06-24,14851.17,745,0,True,True,True,0.36,41041.53
user_009,15,credit_cards,71.1,True,2025-06-14,0.0,1000,0,False,True,False,0.0,36452.67
user_013,7,loans,29.4,False,2025-06-30,15684.89,921,0,False,False,False,0.33,47259.96
user_017,25,protect,3.7,False,2025-06-18,13178.89,954,0,True,False,False,0.27,49233.19
user_018,5,drivescore,84.3,False,2025-06-20,27294.57,683,1,False,True,False,0.7,38982.41
user_083,11,credit_cards,29.6,False,2025-07-03,18441.42,777,1,False,True,False,0.53,34867.95
user_080,48,protect,12.2,False,2025-06-20,22591.25,857,0,True,False,False,0.46,48620.57
user_087,29,protect,4.5,True,2025-07-06,16176.75,789,1,False,False,False,0.44,37047.58
user_017,49,improve,47.4,False,2025-06-27,13178.89,954,0,True,False,False,0.27,49233.19
user_044,28,loans,29.0,False,2025-07-02,20790.09,746,0,False,False,False,0.87,23835.08
user_035,42,improve,22.9,True,2025-06-20,4518.77,917,1,True,True,False,0.16,28187.75
user_076,47,drivescore,67.3,True,2025-06-09,0.0,940,1,True,True,False,0.0,43935.58
user_088,2,insights,46.6,False,2025-07-03,19965.99,630,3,True,False,False,0.56,35342.49
user_066,39,drivescore,4.9,True,2025-06-27,27783.73,781,0,True,True,False,0.77,36175.31
user_037,42,improve,11.2,False,2025-06-14,3904.94,1000,0,True,True,False,0.09,45514.83
user_030,32,credit_cards,8.6,True,2025-06-24,6703.88,856,1,True,True,False,0.27,24950.73
user_081,39,improve,40.9,False,2025-07-09,12519.32,697,3,False,True,False,0.27,46981.22
user_046,21,protect,1.0,False,2025-06-13,23106.04,754,1,False,True,False,0.54,43006.0
user_072,27,loans,25.3,False,2025-07-04,14383.86,718,1,True,True,False,0.96,14969.72
user_097,31,improve,43.1,True,2025-07-07,12960.65,625,2,False,True,False,0.8,16288.8
user_001,17,protect,62.8,True,2025-07-08,21326.1,643,0,False,True,True,0.54,39373.39
user_050,33,loans,12.6,False,2025-06-23,23694.83,751,1,False,True,False,0.47,50158.4
user_098,27,credit_cards,51.7,False,2025-07-07,11161.61,944,0,False,True,False,0.29,38552.84
user_081,35,drivescore,3.5,False,2025-07-01,12519.32,697,3,False,True,False,0.27,46981.22
user_010,20,improve,56.2,False,2025-07-03,25132.54,614,2,False,True,False,0.73,34356.84
user_019,35,loans,4.1,False,2025-06-19,13834.65,800,1,False,False,False,0.42,33219.9
user_097,42,insights,15.2,False,2025-06-30,12960.65,625,2,False,True,False,0.8,16288.8
user_089,28,insights,47.9,False,2025-07-02,22182.96,519,4,False,True,False,0.44,50151.97
user_007,16,improve,4.9,False,2025-07-06,20254.6,918,0,True,True,False,0.39,52182.49
user_058,40,drivescore,7.8,True,2025-06-18,16688.21,806,1,True,False,False,0.46,36073.65
user_094,43,insights,38.4,True,2025-07-09,21463.18,842,0,False,True,False,0.5,43084.94
user_090,9,insights,38.2,True,2025-06-24,30810.37,815,0,True,False,False,0.58,53320.32
user_044,34,drivescore,30.7,False,2025-06-16,20790.09,746,0,False,False,False,0.87,23835.08
user_033,11,loans,35.5,True,2025-06-15,7969.87,900,1,True,True,False,0.19,42675.06
user_034,47,improve,23.5,False,2025-07-09,16006.49,919,0,False,False,False,0.38,42280.17
user_042,28,loans,8.7,False,2025-07-01,14928.87,845,1,False,False,False,0.28,52723.5
user_091,37,insights,12.7,True,2025-06-25,9192.05,734,3,True,True,False,0.26,35644.11
user_065,24,improve,6.0,False,2025-06-21,20498.5,917,0,True,True,False,0.35,58998.75
user_021,24,protect,71.7,True,2025-07-06,9528.45,972,0,True,False,False,0.19,50977.97
user_073,44,insights,26.3,True,2025-06-16,17531.11,832,1,False,True,False,0.37,47624.99
user_065,1,improve,15.4,False,2025-07-09,20498.5,917,0,True,True,False,0.35,58998.75
user_031,3,credit_cards,18.6,False,2025-06-10,19493.21,772,1,False,True,False,0.54,36314.54
user_019,12,improve,88.3,False,2025-06-10,13834.65,800,1,False,False,False,0.42,33219.9
user_091,48,insights,5.0,False,2025-06-29,9192.05,734,3,True,True,False,0.26,35644.11
user_031,27,insights,26.5,False,2025-06-13,19493.21,772,1,False,True,False,0.54,36314.54
user_009,37,loans,21.1,True,2025-06-18,0.0,1000,0,False,True,False,0.0,36452.67
user_006,12,protect,28.4,False,2025-07-08,24304.74,778,0,False,True,False,0.66,36974.21
user_051,5,credit_cards,0.5,False,2025-06-15,17113.83,524,3,False,False,False,0.78,22037.94
user_039,21,improve,61.7,False,2025-07-09,18705.91,876,0,True,False,False,0.51,36525.5
user_047,13,loans,80.7,False,2025-06-30,12465.13,797,2,True,False,False,0.28,44436.21
user_094,40,protect,25.0,False,2025-06-21,21463.18,842,0,False,True,False,0.5,43084.94
user_063,50,protect,35.8,False,2025-06-22,34516.91,747,0,True,True,False,0.89,38922.49
user_097,16,protect,76.7,True,2025-06-26,12960.65,625,2,False,True,False,0.8,16288.8
user_003,15,drivescore,36.9,False,2025-06-13,12334.91,938,0,False,True,False,0.37,33123.19
user_088,1,loans,5.0,True,2025-06-18,19965.99,630,3,True,False,False,0.56,35342.49
user_048,48,insights,25.8,False,2025-07-03,16043.38,864,1,False,False,False,0.27,60495.92
user_067,16,credit_cards,28.0,False,2025-07-08,20078.91,899,0,False,True,False,0.4,50624.0
user_018,46,loans,16.6,True,2025-06-10,27294.57,683,1,False,True,False,0.7,38982.41
user_029,34,credit_cards,40.0,False,2025-06-28,11032.59,864,1,False,False,False,0.21,52968.41
user_058,48,improve,81.7,False,2025-06-23,16688.21,806,1,True,False,False,0.46,36073.65
user_017,41,credit_cards,77.9,True,2025-06-21,13178.89,954,0,True,False,False,0.27,49233.19
user_007,28,insights,18.0,False,2025-07-02,20254.6,918,0,True,True,False,0.39,52182.49
user_037,17,loans,3.6,False,2025-06-27,3904.94,1000,0,True,True,False,0.09,45514.83
user_089,48,loans,125.7,False,2025-07-01,22182.96,519,4,False,True,False,0.44,50151.97
user_029,5,protect,54.8,True,2025-06-15,11032.59,864,1,False,False,False,0.21,52968.41
user_074,7,protect,4.0,True,2025-06-25,15903.78,920,0,False,True,False,0.38,42371.1
user_059,21,credit_cards,76.1,True,2025-06-28,17966.56,830,1,False,True,False,0.37,48984.53
user_098,14,credit_cards,61.2,False,2025-07-01,11161.61,944,0,False,True,False,0.29,38552.84
user_015,6,protect,21.9,False,2025-06-30,0.0,800,0,False,True,True,0.0,55737.48
user_090,45,drivescore,26.8,True,2025-06-13,30810.37,815,0,True,False,False,0.58,53320.32
user_041,10,improve,15.3,False,2025-06-09,22996.75,595,3,False,False,False,0.54,42818.75
user_045,26,drivescore,1.7,True,2025-06-30,13591.5,952,0,True,False,False,0.29,47045.04
user_033,12,improve,12.2,False,2025-06-12,7969.87,900,1,True,True,False,0.19,42675.06
user_057,36,insights,48.7,False,2025-07-06,18420.84,697,1,True,False,False,0.82,22381.4
user_059,7,protect,0.1,True,2025-07-08,17966.56,830,1,False,True,False,0.37,48984.53
user_099,15,protect,12.2,True,2025-06-27,9884.63,810,2,True,True,False,0.27,36662.4
user_047,44,insights,15.2,False,2025-07-07,12465.13,797,2,True,False,False,0.28,44436.21
user_074,38,loans,23.1,False,2025-07-07,15903.78,920,0,False,True,False,0.38,42371.1
user_002,5,protect,75.7,False,2025-06-25,20555.25,867,0,True,True,False,0.41,50391.86
user_016,6,loans,12.8,True,2025-06-09,14364.02,898,0,True,False,False,0.43,33316.03
user_059,4,protect,12.8,False,2025-06-26,17966.56,830,1,False,True,False,0.37,48984.53
user_092,26,credit_cards,40.1,True,2025-06-18,11555.52,882,1,True,True,False,0.34,34041.79
user_054,12,loans,18.1,True,2025-07-04,14611.15,876,0,False,True,False,0.44,33446.89
user_035,18,credit_cards,7.6,False,2025-07-08,4518.77,917,1,True,True,False,0.16,28187.75
user_078,40,drivescore,18.1,True,2025-06-30,27007.37,604,2,False,True,False,0.84,32008.87
user_063,27,drivescore,4.6,False,2025-07-07,34516.91,747,0,True,True,False,0.89,38922.49
user_035,25,protect,5.8,False,2025-06-19,4518.77,917,1,True,True,False,0.16,28187.75
user_067,16,insights,20.7,False,2025-06-22,20078.91,899,0,False,True,False,0.4,50624.0
user_002,25,insights,16.3,False,2025-06-22,20555.25,867,0,True,True,False,0.41,50391.86
user_062,23,drivescore,73.9,False,2025-06-27,0.0,760,3,False,False,False,0.0,30836.91
user_034,12,improve,13.5,False,2025-07-02,16006.49,919,0,False,False,False,0.38,42280.17
user_003,50,loans,26.1,True,2025-06-24,12334.91,938,0,False,True,False,0.37,33123.19
user_067,23,drivescore,30.0,False,2025-07-04,20078.91,899,0,False,True,False,0.4,50624.0
user_012,16,insights,0.4,True,2025-06-22,21649.58,811,1,False,True,False,0.36,59799.32
user_094,4,protect,32.7,False,2025-06-14,21463.18,842,0,False,True,False,0.5,43084.94
user_049,23,protect,5.9,True,2025-06-21,13720.06,771,2,False,False,False,0.29,46750.54
user_040,48,insights,97.4,False,2025-06-21,11188.56,944,0,False,False,False,0.3,37872.53
user_003,46,insights,4.8,False,2025-06-21,12334.91,938,0,False,True,False,0.37,33123.19
user_072,10,drivescore,16.1,False,2025-06-13,14383.86,718,1,True,True,False,0.96,14969.72
user_063,35,loans,2.7,True,2025-07-08,34516.91,747,0,True,True,False,0.89,38922.49
user_011,4,protect,173.0,False,2025-07-09,25718.96,591,1,False,False,False,1.06,24355.98
user_067,31,improve,20.9,False,2025-06-20,20078.91,899,0,False,True,False,0.4,50624.0
user_025,9,loans,27.1,False,2025-06-10,11636.48,761,0,True,False,True,0.36,32611.82
user_041,4,improve,2.1,True,2025-06-17,22996.75,595,3,False,False,False,0.54,42818.75
user_018,50,improve,41.6,False,2025-06-12,27294.57,683,1,False,True,False,0.7,38982.41
user_046,5,loans,7.1,False,2025-06-18,23106.04,754,1,False,True,False,0.54,43006.0
user_050,38,improve,68.5,False,2025-06-29,23694.83,751,1,False,True,False,0.47,50158.4
user_017,11,insights,6.9,False,2025-06-14,13178.89,954,0,True,False,False,0.27,49233.19
user_081,32,insights,6.3,False,2025-06-17,12519.32,697,3,False,True,False,0.27,46981.22
user_071,45,drivescore,1.1,False,2025-07-02,18420.35,857,0,False,True,False,0.45,40916.72
user_085,38,protect,19.2,False,2025-06-16,11230.58,783,2,False,True,False,0.27,40899.47
user_088,19,protect,25.0,True,2025-07-09,19965.99,630,3,True,False,False,0.56,35342.49
user_089,37,credit_cards,2.0,False,2025-06-15,22182.96,519,4,False,True,False,0.44,50151.97
user_072,3,protect,44.8,False,2025-06-10,14383.86,718,1,True,True,False,0.96,14969.72
user_078,15,insights,18.1,False,2025-06-10,27007.37,604,2,False,True,False,0.84,32008.87
user_063,10,loans,22.3,False,2025-07-02,34516.91,747,0,True,True,False,0.89,38922.49
user_044,21,protect,17.4,False,2025-06-09,20790.09,746,0,False,False,False,0.87,23835.08
user_011,46,insights,15.4,False,2025-06-11,25718.96,591,1,False,False,False,1.06,24355.98
user_042,29,improve,24.6,True,2025-07-02,14928.87,845,1,False,False,False,0.28,52723.5
user_088,5,loans,5.1,True,2025-07-06,19965.99,630,3,True,False,False,0.56,35342.49
user_092,1,improve,6.0,False,2025-06-16,11555.52,882,1,True,True,False,0.34,34041.79
user_053,11,credit_cards,59.4,False,2025-06-27,13447.1,932,0,False,False,False,0.31,43511.29
user_044,35,credit_cards,87.6,True,2025-06-24,20790.09,746,0,False,False,False,0.87,23835.08
user_073,42,insights,14.0,True,2025-06-25,17531.11,832,1,False,True,False,0.37,47624.99
user_009,3,loans,9.5,True,2025-07-01,0.0,1000,0,False,True,False,0.0,36452.67
user_013,5,loans,31.0,True,2025-06-27,15684.89,921,0,False,False,False,0.33,47259.96
user_020,47,improve,15.8,False,2025-06-11,33410.91,732,0,False,True,False,0.7,47474.79
user_011,22,drivescore,0.8,False,2025-06-11,25718.96,591,1,False,False,False,1.06,24355.98
user_061,46,improve,5.1,False,2025-06-19,0.0,920,1,False,True,False,0.0,36557.47
user_021,39,credit_cards,37.8,True,2025-07-06,9528.45,972,0,True,False,False,0.19,50977.97
user_042,14,protect,32.3,False,2025-06-22,14928.87,845,1,False,False,False,0.28,52723.5
user_092,47,drivescore,0.8,True,2025-06-30,11555.52,882,1,True,True,False,0.34,34041.79
user_038,16,improve,7.5,True,2025-06-21,24365.97,668,2,False,True,False,0.59,41495.74
user_070,32,protect,7.9,True,2025-07-09,13483.36,772,1,True,True,False,0.57,23661.33
user_054,6,loans,33.4,False,2025-06-19,14611.15,876,0,False,True,False,0.44,33446.89
user_076,31,protect,0.6,True,2025-07-03,0.0,940,1,True,True,False,0.0,43935.58
user_021,41,loans,3.3,False,2025-06-24,9528.45,972,0,True,False,False,0.19,50977.97
user_014,20,credit_cards,48.3,False,2025-06-11,34164.61,359,4,False,True,False,1.12,30539.33
user_084,17,improve,5.9,False,2025-06-27,26099.61,684,2,False,False,False,0.43,60841.9
user_023,24,credit_cards,31.7,False,2025-06-25,9907.74,810,2,True,False,False,0.3,33571.16
user_005,17,credit_cards,8.2,False,2025-07-02,7645.23,981,0,True,True,False,0.22,34003.96
user_034,37,improve,3.1,True,2025-06-17,16006.49,919,0,False,False,False,0.38,42280.17
user_085,7,improve,8.4,False,2025-06-14,11230.58,783,2,False,True,False,0.27,40899.47
user_069,27,drivescore,38.4,True,2025-07-08,16154.89,529,2,True,True,True,0.42,38255.79
user_049,34,credit_cards,58.1,False,2025-06-18,13720.06,771,2,False,False,False,0.29,46750.54
user_060,37,protect,53.2,False,2025-07-07,28025.84,829,0,True,True,False,0.55,51140.44
user_050,46,improve,15.2,False,2025-06-11,23694.83,751,1,False,True,False,0.47,50158.4
user_066,37,insights,33.1,False,2025-07-05,27783.73,781,0,True,True,False,0.77,36175.31
user_015,49,credit_cards,6.9,True,2025-07-04,0.0,800,0,False,True,True,0.0,55737.48
user_027,13,protect,10.4,True,2025-07-07,14944.44,925,0,False,False,False,0.31,48192.97
user_087,28,protect,68.0,False,2025-06-19,16176.75,789,1,False,False,False,0.44,37047.58
user_018,39,loans,0.4,False,2025-06-16,27294.57,683,1,False,True,False,0.7,38982.41
user_008,6,credit_cards,2.7,False,2025-06-22,6251.13,708,1,True,True,True,0.13,48952.89
user_041,18,drivescore,7.0,False,2025-06-12,22996.75,595,3,False,False,False,0.54,42818.75
user_001,45,drivescore,0.8,False,2025-06-14,21326.1,643,0,False,True,True,0.54,39373.39
user_053,8,credit_cards,6.0,True,2025-06-21,13447.1,932,0,False,False,False,0.31,43511.29
user_075,38,improve,26.2,False,2025-06-21,8513.06,977,0,True,True,False,0.18,46095.15
user_099,7,loans,16.4,False,2025-06-11,9884.63,810,2,True,True,False,0.27,36662.4
user_044,27,loans,67.0,False,2025-06-24,20790.09,746,0,False,False,False,0.87,23835.08
user_073,39,credit_cards,51.0,True,2025-07-01,17531.11,832,1,False,True,False,0.37,47624.99
user_051,10,drivescore,12.5,False,2025-06-17,17113.83,524,3,False,False,False,0.78,22037.94
user_051,3,credit_cards,9.0,False,2025-06-29,17113.83,524,3,False,False,False,0.78,22037.94
user_088,16,improve,14.3,False,2025-06-10,19965.99,630,3,True,False,False,0.56,35342.49
user_034,24,improve,26.8,False,2025-06-14,16006.49,919,0,False,False,False,0.38,42280.17
user_038,20,loans,9.4,False,2025-06-12,24365.97,668,2,False,True,False,0.59,41495.74
user_089,44,improve,29.4,False,2025-07-02,22182.96,519,4,False,True,False,0.44,50151.97
user_017,20,insights,15.8,False,2025-06-13,13178.89,954,0,True,False,False,0.27,49233.19
user_041,18,insights,24.1,False,2025-06-19,22996.75,595,3,False,False,False,0.54,42818.75
user_011,13,credit_cards,17.2,True,2025-06-13,25718.96,591,1,False,False,False,1.06,24355.98
user_052,48,credit_cards,10.5,False,2025-06-12,21247.36,763,1,False,True,False,0.51,41341.92
user_047,4,drivescore,89.0,False,2025-07-07,12465.13,797,2,True,False,False,0.28,44436.21
user_039,46,drivescore,43.3,False,2025-06-15,18705.91,876,0,True,False,False,0.51,36525.5
user_067,37,improve,4.5,True,2025-06-11,20078.91,899,0,False,True,False,0.4,50624.0
user_025,4,protect,60.9,True,2025-07-08,11636.48,761,0,True,False,True,0.36,32611.82
user_046,46,protect,20.0,True,2025-06-13,23106.04,754,1,False,True,False,0.54,43006.0
user_059,33,credit_cards,67.5,False,2025-07-06,17966.56,830,1,False,True,False,0.37,48984.53
user_087,2,protect,48.3,False,2025-06-20,16176.75,789,1,False,False,False,0.44,37047.58
user_057,12,credit_cards,16.6,False,2025-06-28,18420.84,697,1,True,False,False,0.82,22381.4
user_044,11,loans,0.7,False,2025-06-17,20790.09,746,0,False,False,False,0.87,23835.08
user_011,19,improve,9.4,False,2025-07-04,25718.96,591,1,False,False,False,1.06,24355.98
user_073,50,protect,23.4,False,2025-06-19,17531.11,832,1,False,True,False,0.37,47624.99
user_028,44,protect,30.1,True,2025-06-26,13666.2,601,1,False,True,True,0.51,26589.82
user_065,2,insights,8.9,True,2025-06-10,20498.5,917,0,True,True,False,0.35,58998.75
user_016,42,protect,4.5,False,2025-07-09,14364.02,898,0,True,False,False,0.43,33316.03
user_028,17,drivescore,54.0,False,2025-06-30,13666.2,601,1,False,True,True,0.51,26589.82
user_091,46,insights,124.8,True,2025-06-11,9192.05,734,3,True,True,False,0.26,35644.11
user_048,23,credit_cards,22.4,True,2025-06-25,16043.38,864,1,False,False,False,0.27,60495.92
user_038,44,drivescore,5.7,False,2025-06-27,24365.97,668,2,False,True,False,0.59,41495.74
user_074,7,improve,9.5,False,2025-06-18,15903.78,920,0,False,True,False,0.38,42371.1
user_047,36,insights,0.6,False,2025-06-30,12465.13,797,2,True,False,False,0.28,44436.21
user_038,44,improve,73.7,False,2025-06-29,24365.97,668,2,False,True,False,0.59,41495.74
user_035,41,loans,3.8,False,2025-07-01,4518.77,917,1,True,True,False,0.16,28187.75
user_083,46,insights,25.8,True,2025-07-05,18441.42,777,1,False,True,False,0.53,34867.95
user_066,49,protect,9.6,False,2025-06-14,27783.73,781,0,True,True,False,0.77,36175.31
user_076,26,insights,24.2,False,2025-07-05,0.0,940,1,True,True,False,0.0,43935.58
user_092,2,insights,31.6,False,2025-06-30,11555.52,882,1,True,True,False,0.34,34041.79
user_033,27,credit_cards,53.1,False,2025-07-08,7969.87,900,1,True,True,False,0.19,42675.06
user_074,46,drivescore,6.9,False,2025-06-29,15903.78,920,0,False,True,False,0.38,42371.1
user_092,46,protect,0.3,False,2025-06-19,11555.52,882,1,True,True,False,0.34,34041.79
user_060,43,loans,4.4,False,2025-06-12,28025.84,829,0,True,True,False,0.55,51140.44
user_021,43,drivescore,69.1,True,2025-07-06,9528.45,972,0,True,False,False,0.19,50977.97
user_060,9,insights,62.1,True,2025-06-14,28025.84,829,0,True,True,False,0.55,51140.44
user_071,49,protect,27.3,False,2025-06-11,18420.35,857,0,False,True,False,0.45,40916.72
user_042,42,improve,27.5,True,2025-07-02,14928.87,845,1,False,False,False,0.28,52723.5
user_095,20,credit_cards,32.8,False,2025-06-29,22722.62,606,1,False,False,True,0.4,56814.41
user_047,17,drivescore,5.8,True,2025-06-12,12465.13,797,2,True,False,False,0.28,44436.21
user_015,31,improve,73.7,False,2025-06-21,0.0,800,0,False,True,True,0.0,55737.48
user_074,40,improve,16.3,False,2025-07-03,15903.78,920,0,False,True,False,0.38,42371.1
user_064,8,insights,14.5,False,2025-06-30,14493.89,697,1,False,False,False,0.64,22704.44
user_052,4,protect,22.0,True,2025-07-03,21247.36,763,1,False,True,False,0.51,41341.92
user_043,27,drivescore,1.4,False,2025-06-25,14851.17,745,0,True,True,True,0.36,41041.53
user_018,21,insights,5.5,True,2025-07-07,27294.57,683,1,False,True,False,0.7,38982.41
user_062,22,insights,40.2,False,2025-06-29,0.0,760,3,False,False,False,0.0,30836.91
user_081,4,improve,2.6,False,2025-07-03,12519.32,697,3,False,True,False,0.27,46981.22
user_097,50,protect,27.7,False,2025-07-04,12960.65,625,2,False,True,False,0.8,16288.8
user_062,49,improve,8.4,True,2025-06-26,0.0,760,3,False,False,False,0.0,30836.91
user_081,28,credit_cards,14.8,False,2025-06-24,12519.32,697,3,False,True,False,0.27,46981.22
user_049,1,improve,10.2,False,2025-06-16,13720.06,771,2,False,False,False,0.29,46750.54
user_047,1,loans,13.2,False,2025-06-23,12465.13,797,2,True,False,False,0.28,44436.21
user_024,2,insights,38.1,True,2025-06-16,18225.36,878,0,True,False,False,0.49,37429.86
user_031,15,insights,10.6,False,2025-06-30,19493.21,772,1,False,True,False,0.54,36314.54
user_016,7,credit_cards,25.1,False,2025-06-30,14364.02,898,0,True,False,False,0.43,33316.03
user_021,5,improve,19.4,True,2025-06-30,9528.45,972,0,True,False,False,0.19,50977.97
user_058,47,drivescore,32.7,False,2025-06-29,16688.21,806,1,True,False,False,0.46,36073.65
user_055,44,protect,82.9,False,2025-06-11,8343.06,898,1,True,True,False,0.2,42000.42
user_062,23,protect,39.6,True,2025-06-10,0.0,760,3,False,False,False,0.0,30836.91
user_051,2,protect,7.3,True,2025-07-05,17113.83,524,3,False,False,False,0.78,22037.94
user_027,47,improve,1.0,False,2025-07-04,14944.44,925,0,False,False,False,0.31,48192.97
user_015,24,insights,9.1,False,2025-07-08,0.0,800,0,False,True,True,0.0,55737.48
user_048,41,loans,27.1,False,2025-06-20,16043.38,864,1,False,False,False,0.27,60495.92
user_006,39,improve,1.6,False,2025-06-19,24304.74,778,0,False,True,False,0.66,36974.21
user_002,4,insights,20.6,True,2025-06-25,20555.25,867,0,True,True,False,0.41,50391.86
user_048,8,drivescore,27.3,True,2025-06-17,16043.38,864,1,False,False,False,0.27,60495.92
user_019,14,insights,12.2,False,2025-07-09,13834.65,800,1,False,False,False,0.42,33219.9
user_038,27,insights,44.2,True,2025-06-23,24365.97,668,2,False,True,False,0.59,41495.74
user_034,40,drivescore,3.4,False,2025-06-26,16006.49,919,0,False,False,False,0.38,42280.17
user_013,33,insights,2.3,False,2025-06-30,15684.89,921,0,False,False,False,0.33,47259.96
user_014,7,credit_cards,39.1,True,2025-07-03,34164.61,359,4,False,True,False,1.12,30539.33
user_099,17,drivescore,20.5,False,2025-06-28,9884.63,810,2,True,True,False,0.27,36662.4
user_090,27,loans,35.0,True,2025-06-22,30810.37,815,0,True,False,False,0.58,53320.32
user_063,14,insights,17.1,False,2025-06-29,34516.91,747,0,True,True,False,0.89,38922.49
user_030,1,improve,8.5,False,2025-06-10,6703.88,856,1,True,True,False,0.27,24950.73
user_014,37,insights,51.3,False,2025-06-09,34164.61,359,4,False,True,False,1.12,30539.33
user_011,50,drivescore,48.2,True,2025-06-16,25718.96,591,1,False,False,False,1.06,24355.98
user_012,17,insights,35.6,True,2025-06-30,21649.58,811,1,False,True,False,0.36,59799.32
user_033,30,improve,9.5,True,2025-07-04,7969.87,900,1,True,True,False,0.19,42675.06
user_005,19,loans,26.8,False,2025-06-29,7645.23,981,0,True,True,False,0.22,34003.96
user_054,48,improve,13.4,True,2025-06-15,14611.15,876,0,False,True,False,0.44,33446.89
user_005,1,protect,2.9,False,2025-07-04,7645.23,981,0,True,True,False,0.22,34003.96
user_042,23,credit_cards,74.8,False,2025-07-01,14928.87,845,1,False,False,False,0.28,52723.5
user_093,6,loans,4.4,False,2025-07-04,13257.31,803,1,False,True,False,0.43,30829.73
user_014,26,credit_cards,90.0,False,2025-07-01,34164.61,359,4,False,True,False,1.12,30539.33
user_049,45,credit_cards,17.7,False,2025-06-19,13720.06,771,2,False,False,False,0.29,46750.54
